CVE-ID,NVD-Link,Description,Vendor,Software,Severity,CWE-ID,Protocol,Relation,Origin,Reasoning,Unnamed: 2
CVE-2020-1646,CVE-2020-1646,"On Juniper Networks Junos OS and Junos OS Evolved devices, processing a specific UPDATE for an EBGP peer can lead to a routing process daemon (RPD) crash and restart. This issue occurs only when the device is receiving and processing the BGP UPDATE for an EBGP peer. This issue does not occur when the device is receiving and processing the BGP UPDATE for an IBGP peer. However, the offending BGP UPDATE can originally come from an EBGP peer, propagates through the network via IBGP peers without causing crash, then it causes RPD crash when it is processed for a BGP UPDATE towards an EBGP peer. Repeated receipt and processing of the same specific BGP UPDATE can result in an extended Denial of Service (DoS) condition. This issue affects: Juniper Networks Junos OS: 17.3R3-S6, 17.4R2-S7, and 18.1R3-S7. Juniper Networks Junos OS Evolved 19.2R2-EVO and later versions, prior to 19.3R1-EVO. Other Junos OS releases are not affected.",juniper,"junos, junos_os_evolved",HIGH,CWE-20,BGP,Dependent,Implementation,"The vulnerability is specifically related to the handling of BGP UPDATE messages. The issue arises from how the Junos OS and Junos OS Evolved devices handle specific BGP UPDATE messages. This indicates a flaw in the implementation of the RPD that does not properly process certain updates, leading to a crash.",
CVE-2010-3035,CVE-2010-3035,"Cisco IOS XR 3.4.0 through 3.9.1, when BGP is enabled, does not properly handle unrecognized transitive attributes, which allows remote attackers to cause a denial of service (peering reset) via a crafted prefix announcement, as demonstrated in the wild in August 2010 with attribute type code 99, aka Bug ID CSCti62211.",cisco,ios_xr,MEDIUM,CWE-20,BGP,Related,Implementation,"The issue is due to how Cisco IOS XR implementations handle unrecognized transitive attributes. Cisco IOS XR do not properly handle unrecognized transitive attributes in BGP prefix announcements, therefor it is related to BGP. ",
CVE-2019-15989,CVE-2019-15989,"A vulnerability in the implementation of the Border Gateway Protocol (BGP) functionality in Cisco IOS XR Software could allow an unauthenticated, remote attacker to cause a denial of service (DoS) condition. The vulnerability is due to incorrect processing of a BGP update message that contains a specific BGP attribute. An attacker could exploit this vulnerability by sending BGP update messages that include a specific, malformed attribute to be processed by an affected system. A successful exploit could allow the attacker to cause the BGP process to restart unexpectedly, resulting in a DoS condition. The Cisco implementation of BGP accepts incoming BGP traffic only from explicitly defined peers. To exploit this vulnerability, the malicious BGP update message would need to come from a configured, valid BGP peer or would need to be injected by the attacker into the victim&rsquo;s BGP network on an existing, valid TCP connection to a BGP peer.",cisco,"asr_9001, asr_9906, ncs_5516, crs, ncs_5508, ncs_1001, ncs_6000, ncs_5501, ncs_5001, asr_9910, ncs_560, ios_xr, ncs_1002, asr_9901, ncs_5502-se, ncs_1004, ncs_5501-se, ncs_5502, asr_9904, asr_9006, asr_9912, asr_9922, asr_9000v, asr_9010, ncs_540, ncs_540l, xrv_9000, ncs_5002",HIGH,CWE-754,BGP,Related,Implementation,The problem is a related problem because it contains a specific BGP attribute. The vulnerability arises due to the incorrect handling or processing of a specific BGP attribute within BGP update messages.,
CVE-2014-3818,CVE-2014-3818,"Juniper Junos OS 9.1 through 11.4 before 11.4R11, 12.1 before R10, 12.1X44 before D40, 12.1X46 before D30, 12.1X47 before D11 and 12.147-D15, 12.1X48 before D41 and D62, 12.2 before R8, 12.2X50 before D70, 12.3 before R6, 13.1 before R4-S2, 13.1X49 before D49, 13.1X50 before 30, 13.2 before R4, 13.2X50 before D20, 13.2X51 before D25, 13.2X52 before D15, 13.3 before R2, and 14.1 before R1, when supporting 4-byte AS numbers and a BGP peer does not, allows remote attackers to cause a denial of service (memory corruption and RDP routing process crash and restart) via crafted transitive attributes in a BGP UPDATE.",juniper,junos,HIGH,CWE-119,BGP,Dependent,Implementation,Implementation problem due to errors in how the software processes and validates network protocol messages. The vulnerability specifically involves the processing of BGP UPDATE messages. Dependent because the problem is with the proccessing.,
CVE-2018-5380,CVE-2018-5380,"The Quagga BGP daemon (bgpd) prior to version 1.2.3 can overrun internal BGP code-to-string conversion tables used for debug by 1 pointer value, based on input.","canonical, quagga, siemens, debian","ruggedcom_rox_ii, debian_linux, quagga, ruggedcom_rox_ii_firmware, ubuntu_linux",MEDIUM,CWE-125,BGP,Dependent,Implementation,The vulnerability in the Quagga BGP daemon. The vulnerability involves an integer or buffer overflow within internal code-to-string conversion tables used for debugging purposes in bgpd.,
CVE-2018-5380,CVE-2018-5380,"The Quagga BGP daemon (bgpd) prior to version 1.2.3 can overrun internal BGP code-to-string conversion tables used for debug by 1 pointer value, based on input.","canonical, quagga, siemens, debian","ruggedcom_rox_ii, debian_linux, quagga, ruggedcom_rox_ii_firmware, ubuntu_linux",MEDIUM,CWE-125,BGP,Related,Implementation,"This vulnerability is related to the BGP protocol as it is caused by an implementation flaw in the Quagga BGP daemon (bgpd), leading to the overrun of internal BGP code-to-string conversion tables used for debugging purposes.",
CVE-2018-12066,CVE-2018-12066,BIRD Internet Routing Daemon before 1.6.4 allows local users to cause a denial of service (stack consumption and daemon crash) via BGP mask expressions in birdc.,bird_project,bird,MEDIUM,CWE-400,BGP,Related,Implementation,"This vulnerability in the BIRD Internet Routing Daemon (bird) before version 1.6.4 is related to the BGP protocol. It involves an implementation flaw in the handling of BGP mask expressions in the ""birdc"" utility, leading to stack consumption and a daemon crash. The issue directly impacts the operation of the BGP protocol in the BIRD routing daemon.",
