CVE-ID,NVD-Link,Description,Vendor,Software,Severity,CWE-ID,Protocol,Relation,Origin,Reasoning,Unnamed: 2
CVE-2015-0633,CVE-2015-0633,"The Integrated Management Controller (IMC) in Cisco Unified Computing System (UCS) 1.4(7h) and earlier on C-Series servers allows remote attackers to bypass intended access restrictions by sending crafted DHCP response packets on the local network, aka Bug ID CSCuf52876.",cisco,"c220_m4, c250_m2, c250_m1, c200_m1, c460_m2, c460_m1, c240_m4, c24_m3, c200_m2, c3160, unified_computing_system, c240_m3, c22_m3, c420_m2, c260_m2, c220_m3, c460_m4, c420_m3, c210_m2",MEDIUM,CWE-20,DHCP,Related,Logic,"The vulnerability is inherent in the design of the DHCP protocol, leading to potential exploitation through its logic.",
CVE-2017-14429,CVE-2017-14429,"The DHCP client on D-Link DIR-850L REV. A (with firmware through FW114WWb07_h2ab_beta1) and REV. B (with firmware through FW208WWb02) devices allows unauthenticated remote code execution as root because /etc/services/INET/inet_ipv4.php mishandles shell metacharacters, affecting generated files such as WAN-1-udhcpc.sh.","d-link, dlink","dir-850l, dir-850l_firmware",CRITICAL,CWE-78,DHCP,Related,Logic,"The vulnerability is inherent in the design of the DHCP protocol, leading to potential exploitation through its logic.",
CVE-2021-34737,CVE-2021-34737,"A vulnerability in the DHCP version 4 (DHCPv4) server feature of Cisco IOS XR Software could allow an unauthenticated, remote attacker to trigger a crash of the dhcpd process, resulting in a denial of service (DoS) condition. This vulnerability exists because certain DHCPv4 messages are improperly validated when they are processed by an affected device. An attacker could exploit this vulnerability by sending a malformed DHCPv4 message to an affected device. A successful exploit could allow the attacker to cause a NULL pointer dereference, resulting in a crash of the dhcpd process. While the dhcpd process is restarting, which may take up to approximately two minutes, DHCPv4 server services are unavailable on the affected device. This could temporarily prevent network access to clients that join the network during that time period. Note: Only the dhcpd process crashes and eventually restarts automatically. The router does not reload.",cisco,"asr_9001, asr_9906, ncs_5516, ncs_560-4, ncs540x-16z4g8q2c-d, ncs540-12z20g-sys-d, ncs_5508, ios_xrv_9000, ncs540-24z8q2c-sys, ncs_5501, ncs_5001, ncs_560-7, asr_9910, ncs540x-acc-sys, asr_9902, ncs540-28z4c-sys-d, ios_xr, ncs540-24z8q2c-m, asr_9901, ncs540-acc-sys, ncs_5502-se, ncs_5501-se, asr_9904, ncs_5502, asr_9006, ncs_5011, asr_9912, asr_9922, ncs540-28z4c-sys-a, ncs540x-12z16g-sys-a, asr_9010, ncs540-12z20g-sys-a, asr_9903, ncs540x-16z4g8q2c-a, ncs_5002, asr_9000v-v2, ncs540x-12z16g-sys-d",HIGH,CWE-476,DHCP,Related,Implementation,"The vulnerability directly affects DHCP operation due to improper handling of DHCP requests by the server, indicating an implementation flaw.",
CVE-2020-27861,CVE-2020-27861,This vulnerability allows network-adjacent attackers to execute arbitrary code on affected installations of NETGEAR Orbi 2.5.1.16 routers. Authentication is not required to exploit this vulnerability. The specific flaw exists within the UA_Parser utility. A crafted Host Name option in a DHCP request can trigger execution of a system call composed from a user-supplied string. An attacker can leverage this vulnerability to execute code in the context of root. Was ZDI-CAN-11076.,netgear,"rbk20, rbk20w_firmware, rbk15_firmware, ex6200_firmware, rbk33, rbk13_firmware, cbr40_firmware, rbr20, rbk43_router_firmware, rbs50_firmware, ex8000, rbk22_satellite_firmware, rbk52w_firmware, rbk43_satellite_firmware, rbr40, rbk23w, rbs10, rbr40_firmware, rbk30, rbk12_firmware, cbr40, rbs20_firmware, rbk43s_satellite_firmware, cbk40_firmware, rbr20_firmware, rbk40_router_firmware, rbk43s_router_firmware, rbk44_router_firmware, rbk14, rbk30_firmware, cbk40, rbk44, rbk43, rbr10_firmware, rbk13, rbk44_satellite_firmware, ex6200, rbk52w, rbs40_firmware, rbk50_firmware, rbk14_firmware, rbk50, rbk22_router_firmware, rbk23_router_firmware, rbr50, rbk23_satellite_firmware, rbk33_firmware, rbs50, ex7700_firmware, rbk40_satellite_firmware, rbk40, rbk20w, rbk20_satellite_firmware, rbk22, rbk23, ex7700, rbr50_firmware, rbk23w_firmware, cbk43_firmware, rbs20, rbk50v, ex8000_firmware, rbk20_router_firmware, rbk43s, rbk15, rbs10_firmware, rbr10, rbk50v_firmware, rbk12, cbk43, rbs40",HIGH,CWE-78,DHCP,Related,Logic,"The vulnerability is inherent in the design of the DHCP protocol, leading to potential exploitation through its logic.",
CVE-2018-0055,CVE-2018-0055,"Receipt of a specially crafted DHCPv6 message destined to a Junos OS device configured as a DHCP server in a Broadband Edge (BBE) environment may result in a jdhcpd daemon crash. The daemon automatically restarts without intervention, but a continuous receipt of crafted DHCPv6 packets could leaded to an extended denial of service condition. This issue only affects Junos OS 15.1 and later. Earlier releases are unaffected by this issue. Devices are only vulnerable to the specially crafted DHCPv6 message if DHCP services are configured. Devices not configured to act as a DHCP server are not vulnerable to this issue. Affected releases are Juniper Networks Junos OS: 15.1 versions prior to 15.1R7-S2; 15.1X49 versions prior to 15.1X49-D160; 15.1X53 versions prior to 15.1X53-D235, 15.1X53-D495; 16.1 versions prior to 16.1R4-S11, 16.1R6-S6, 16.1R7-S2; 16.2 versions prior to 16.2R2-S7; 17.1 versions prior to 17.1R2-S9; 17.2 versions prior to 17.2R2-S6; 17.3 versions prior to 17.3R3-S1; 17.4 versions prior to 17.4R1-S5; 18.1 versions prior to 18.1R2-S3; 18.2 versions prior to 18.2R1-S2; 18.2X75 versions prior to 18.2X75-D20.",juniper,junos,MEDIUM,CWE-20,DHCP,Related,Logic,"The vulnerability is inherent in the design of the DHCP protocol, leading to potential exploitation through its logic.",
CVE-2018-0057,CVE-2018-0057,"On MX Series and M120/M320 platforms configured in a Broadband Edge (BBE) environment, subscribers logging in with DHCP Option 50 to request a specific IP address will be assigned the requested IP address, even if there is a static MAC to IP address binding in the access profile. In the problem scenario, with a hardware-address and IP address configured under address-assignment pool, if a subscriber logging in with DHCP Option 50, the subscriber will not be assigned an available address from the matched pool, but will still get the requested IP address. A malicious DHCP subscriber may be able to utilize this vulnerability to create duplicate IP address assignments, leading to a denial of service for valid subscribers or unauthorized information disclosure via IP address assignment spoofing. Affected releases are Juniper Networks Junos OS: 15.1 versions prior to 15.1R7-S2, 15.1R8; 16.1 versions prior to 16.1R4-S12, 16.1R7-S2, 16.1R8; 16.2 versions prior to 16.2R2-S7, 16.2R3; 17.1 versions prior to 17.1R2-S9, 17.1R3; 17.2 versions prior to 17.2R1-S7, 17.2R2-S6, 17.2R3; 17.3 versions prior to 17.3R2-S4, 17.3R3; 17.4 versions prior to 17.4R2; 18.1 versions prior to 18.1R2-S3, 18.1R3.",juniper,junos,CRITICAL,NVD-CWE-noinfo,DHCP,Related,Logic,"The vulnerability is inherent in the design of the DHCP protocol, leading to potential exploitation through its logic.",
CVE-2019-12264,CVE-2019-12264,"Wind River VxWorks 6.6, 6.7, 6.8, 6.9.3, 6.9.4, and Vx7 has Incorrect Access Control in IPv4 assignment by the ipdhcpc DHCP client component.","windriver, siemens, belden","hirschmann_dragon_mach4000, ruggedcom_win7200_firmware, hirschmann_eesx30, garrettcom_magnum_dx940e_firmware, ruggedcom_win7000, hirschmann_octopus_os3, hirschmann_rsp20, hirschmann_msp32, ruggedcom_win7018_firmware, hirschmann_rspe32, ruggedcom_win7000_firmware, hirschmann_msp40, hirschmann_grs1020, hirschmann_rspe35, hirschmann_grs1142, hirschmann_ees25, hirschmann_red25, hirschmann_grs1130, ruggedcom_win7025, hirschmann_rspe30, ruggedcom_win7025_firmware, hirschmann_rsp25, hirschmann_rail_switch_power_lite, ruggedcom_win7200, hirschmann_msp30, garrettcom_magnum_dx940e, hirschmann_eagle_one, hirschmann_ees20, hirschmann_rail_switch_power_smart, vxworks, hirschmann_grs1042, hirschmann_rsp35, hirschmann_dragon_mach4500, hirschmann_rsp30, hirschmann_rspe37, hirschmann_eagle20, hirschmann_eagle30, hirschmann_grs1030, ruggedcom_win7018, hirschmann_grs1120, hirschmann_eesx20, hirschmann_hios",HIGH,CWE-88,DHCP,Related,Logic,"The vulnerability is inherent in the design of the DHCP protocol, leading to potential exploitation through its logic.",
CVE-2019-12513,CVE-2019-12513,"In NETGEAR Nighthawk X10-R900 prior to 1.0.4.24, by sending a DHCP discover request containing a malicious hostname field, an attacker may execute stored XSS attacks against this device. When the malicious DHCP request is received, the device will generate a log entry containing the malicious hostname. This log entry may then be viewed at Advanced settings->Administration->Logs to trigger the exploit. Although this value is inserted into a textarea tag, converted to all-caps, and limited in length, attacks are still possible.",netgear,"nighthawk_x10-r9000_firmware, nighthawk_x10-r9000",MEDIUM,CWE-79,DHCP,Related,Logic,"The vulnerability is inherent in the design of the DHCP protocol, leading to potential exploitation through its logic.",
CVE-2013-5218,CVE-2013-5218,"Cross-site scripting (XSS) vulnerability on the HOT HOTBOX router with software 2.1.11 allows remote attackers to inject arbitrary web script or HTML via a crafted DHCP Host Name option, which is not properly handled during rendering of the DHCP table in wlanAccess.asp.",hot,"hotbox_router_firmware, hotbox_router",LOW,CWE-79,DHCP,Related,Logic,"The vulnerability is inherent in the design of the DHCP protocol, leading to potential exploitation through its logic.",
CVE-2006-2372,CVE-2006-2372,"Buffer overflow in the DHCP Client service for Microsoft Windows 2000 SP4, Windows XP SP1 and SP2, and Server 2003 up to SP1 allows remote attackers to execute arbitrary code via a crafted DHCP response.",microsoft,dhcp_client_service,HIGH,CWE-119,DHCP,Related,Implementation,"The vulnerability is due to a buffer overflow in the implementation of the DHCP Client service, which allows remote attackers to execute arbitrary code via a crafted DHCP response.",
CVE-2016-2774,CVE-2016-2774,"ISC DHCP 4.1.x before 4.1-ESV-R13 and 4.2.x and 4.3.x before 4.3.4 does not restrict the number of concurrent TCP sessions, which allows remote attackers to cause a denial of service (INSIST assertion failure or request-processing outage) by establishing many sessions.","canonical, isc, debian","ubuntu_linux, debian_linux, dhcp",MEDIUM,CWE-20,DHCP,Related,Logic,"The vulnerability is inherent in the design of the DHCP protocol, leading to potential exploitation through its logic.",
CVE-2012-3571,CVE-2012-3571,ISC DHCP 4.1.2 through 4.2.4 and 4.1-ESV before 4.1-ESV-R6 allows remote attackers to cause a denial of service (infinite loop and CPU consumption) via a malformed client identifier.,"canonical, isc, debian","ubuntu_linux, debian_linux, dhcp",MEDIUM,CWE-119,DHCP,Related,Logic,"The vulnerability is inherent in the design of the DHCP protocol, leading to potential exploitation through its logic.",
CVE-2019-1840,CVE-2019-1840,"A vulnerability in the DHCPv6 input packet processor of Cisco Prime Network Registrar could allow an unauthenticated, remote attacker to restart the server and cause a denial of service (DoS) condition on the affected system. The vulnerability is due to incomplete user-supplied input validation when a custom extension attempts to change a DHCPv6 packet received by the application. An attacker could exploit this vulnerability by sending malformed DHCPv6 packets to the application. An exploit could allow the attacker to trigger a restart of the service which, if exploited repeatedly, might lead to a DoS condition. This vulnerability can only be exploited if the administrator of the server has previously installed custom extensions that attempt to modify the packet details before the packet has been processed. Note: Although the CVSS score matches a High SIR, this has been lowered to Medium because this condition will only affect an application that has customer-developed extensions that will attempt to modify packet parameters before the packet has been completely sanitized. If packet modification in a custom extension happens after the packet has been sanitized, the application will not be affected by this vulnerability. Software versions prior to 8.3(7) and 9.1(2) are affected.",cisco,prime_network_registrar,HIGH,CWE-665,DHCP,Related,Logic,"The vulnerability is inherent in the design of the DHCP protocol, leading to potential exploitation through its logic.",
CVE-2021-31881,CVE-2021-31881,"A vulnerability has been identified in APOGEE MBC (PPC) (BACnet) (All versions), APOGEE MBC (PPC) (P2 Ethernet) (All versions), APOGEE MEC (PPC) (BACnet) (All versions), APOGEE MEC (PPC) (P2 Ethernet) (All versions), APOGEE PXC Compact (BACnet) (All versions), APOGEE PXC Compact (P2 Ethernet) (All versions), APOGEE PXC Modular (BACnet) (All versions), APOGEE PXC Modular (P2 Ethernet) (All versions), Capital VSTAR (All versions with enabled Ethernet options), Desigo PXC00-E.D (All versions >= V2.3), Desigo PXC00-U (All versions >= V2.3), Desigo PXC001-E.D (All versions >= V2.3), Desigo PXC100-E.D (All versions >= V2.3), Desigo PXC12-E.D (All versions >= V2.3), Desigo PXC128-U (All versions >= V2.3), Desigo PXC200-E.D (All versions >= V2.3), Desigo PXC22-E.D (All versions >= V2.3), Desigo PXC22.1-E.D (All versions >= V2.3), Desigo PXC36.1-E.D (All versions >= V2.3), Desigo PXC50-E.D (All versions >= V2.3), Desigo PXC64-U (All versions >= V2.3), Desigo PXM20-E (All versions >= V2.3), Nucleus NET (All versions), Nucleus ReadyStart V3 (All versions < V2017.02.4), Nucleus Source Code (All versions), TALON TC Compact (BACnet) (All versions), TALON TC Modular (BACnet) (All versions). When processing a DHCP OFFER message, the DHCP client application does not validate the length of the Vendor option(s), leading to Denial-of-Service conditions. (FSMD-2021-0008)",siemens,"talon_tc_compact_firmware, apogee_modular_equiment_controller, nucleus_readystart_v3, talon_tc_modular_firmware, nucleus_source_code, apogee_modular_building_controller_firmware, nucleus_net, apogee_modular_building_controller, apogee_pxc_compact, talon_tc_modular, apogee_pxc_modular_firmware, apogee_pxc_modular, apogee_pxc_compact_firmware, apogee_modular_equiment_controller_firmware, capital_vstar, talon_tc_compact",HIGH,CWE-125,DHCP,Related,Logic,"The vulnerability is inherent in the design of the DHCP protocol, leading to potential exploitation through its logic.",
CVE-2004-0661,CVE-2004-0661,"Integer signedness error in D-Link AirPlus DI-614+ running firmware 2.30 and earlier allows remote attackers to cause a denial of service (IP lease depletion) via a DHCP request with the LEASETIME option set to -1, which makes the DHCP lease valid for thirteen or more years.",d-link,"di-614\+, di-624, di-604",MEDIUM,NVD-CWE-Other,DHCP,Related,Logic,"The vulnerability is inherent in the design of the DHCP protocol, leading to potential exploitation through its logic.",
CVE-2017-13017,CVE-2017-13017,The DHCPv6 parser in tcpdump before 4.9.2 has a buffer over-read in print-dhcp6.c:dhcp6opt_print().,tcpdump,tcpdump,CRITICAL,CWE-125,DHCP,Related,Logic,"The vulnerability is inherent in the design of the DHCP protocol, leading to potential exploitation through its logic.",
CVE-2015-3626,CVE-2015-3626,Cross-site scripting (XSS) vulnerability in the DHCP Monitor page in the Web User Interface (WebUI) in Fortinet FortiOS before 5.2.4 on FortiGate devices allows remote attackers to inject arbitrary web script or HTML via a crafted hostname.,fortinet,fortios,MEDIUM,CWE-79,DHCP,Related,Logic,"The vulnerability is inherent in the design of the DHCP protocol, leading to potential exploitation through its logic.",
CVE-2019-0726,CVE-2019-0726,"A memory corruption vulnerability exists in the Windows DHCP client when an attacker sends specially crafted DHCP responses to a client, aka 'Windows DHCP Client Remote Code Execution Vulnerability'. This CVE ID is unique from CVE-2019-0697, CVE-2019-0698.",microsoft,"windows_10, windows_server_2016, windows_server_2019",CRITICAL,CWE-787,DHCP,Related,Logic,"The vulnerability is inherent in the design of the DHCP protocol, leading to potential exploitation through its logic.",
CVE-2014-2182,CVE-2014-2182,"Cisco Adaptive Security Appliance (ASA) Software, when DHCPv6 replay is configured, allows remote attackers to cause a denial of service (device reload) via a crafted DHCPv6 packet, aka Bug ID CSCun45520.",cisco,adaptive_security_appliance_software,MEDIUM,CWE-20,DHCP,Related,Logic,"The vulnerability is inherent in the design of the DHCP protocol, leading to potential exploitation through its logic.",
CVE-2002-1071,CVE-2002-1071,"ZyXEL Prestige 642R allows remote attackers to cause a denial of service in the Telnet, FTP, and DHCP services (crash) via a TCP packet with both the SYN and ACK flags set.",zyxel,prestige,MEDIUM,NVD-CWE-Other,DHCP,Related,Implementation,"The issue lies within the implementation of the ZyXEL Prestige 642R router's handling of TCP packets. The vulnerability involves the Telnet, FTP, and DHCP services being crashed by a specific TCP packet.",
CVE-2016-10719,CVE-2016-10719,"TP-Link Archer CR-700 1.0.6 devices have an XSS vulnerability that can be introduced into the admin account through a DHCP request, allowing the attacker to steal the cookie information, which contains the base64 encoded username and password.",tp-link,"archer_cr700_firmware, archer_cr700",MEDIUM,CWE-79,DHCP,Related,Implementation,bad implementation of the appliance opens the use of DHCP request to exploint the vulenrability,
CVE-2002-1069,CVE-2002-1069,"The remote administration capability for the D-Link DI-804 router 4.68 allows remote attackers to bypass authentication and release DHCP addresses or obtain sensitive information via a direct web request to the pages (1) release.htm, (2) Device Status, or (3) Device Information.",d-link,di-804,MEDIUM,NVD-CWE-Other,DHCP,Related,Implementation,The vulnerability involves the remote administration capability of the D-Link DI-804 router being exploited via direct web requests. The issue is in the implementation of authentication bypass and access to sensitive pages in the router's firmware.,
CVE-2017-2348,CVE-2017-2348,"The Juniper Enhanced jdhcpd daemon may experience high CPU utilization, or crash and restart upon receipt of an invalid IPv6 UDP packet. Both high CPU utilization and repeated crashes of the jdhcpd daemon can result in a denial of service as DHCP service is interrupted. No other Juniper Networks products or platforms are affected by this issue. Affected releases are Juniper Networks Junos OS 14.1X53 prior to 14.1X53-D12, 14.1X53-D38, 14.1X53-D40 on QFX, EX, QFabric System; 15.1 prior to 15.1F2-S18, 15.1R4 on all products and platforms; 15.1X49 prior to 15.1X49-D80 on SRX; 15.1X53 prior to 15.1X53-D51, 15.1X53-D60 on NFX, QFX, EX.",juniper,junos,HIGH,CWE-400,DHCP,Dependent,Implementation,lack of implementaion of the Juniper leads to exploitations that effect the DHCP service,
CVE-2015-6297,CVE-2015-6297,"The DHCPv6 server in Cisco IOS on ASR 9000 devices with software 5.2.0 Base allows remote attackers to cause a denial of service (process reset) via crafted packets, aka Bug ID CSCun36525.",cisco,"asr_9006, asr_9912, asr_9922, ios_xr, asr_9001, asr_9010, asr_9904",MEDIUM,CWE-399,DHCP,Related,Implementation,improper implemntatoin of ARS 9400 opens the use of DHCP feture to exploitation,
CVE-2016-1367,CVE-2016-1367,"The DHCPv6 relay implementation in Cisco Adaptive Security Appliance (ASA) Software 9.4.1 allows remote attackers to cause a denial of service (device reload) via crafted DHCPv6 packets, aka Bug ID CSCus23248.",cisco,adaptive_security_appliance_software,HIGH,CWE-399,DHCP,Related,Implementation,bad implementation of the ASA,
CVE-2012-6700,CVE-2012-6700,"The decode_search function in dhcp.c in dhcpcd 3.x does not properly free allocated memory, which allows remote DHCP servers to cause a denial of service via a crafted response.","dhcpcd_project, debian","dhcpcd, debian_linux",HIGH,CWE-119,DHCP,Related,Implementation,"function in dhcp.c in dhcpcd 3.x does not properly free allocated memory, which allows remote DHCP servers to cause a denial of service via a crafted response.",
CVE-2018-20373,CVE-2018-20373,Tenda ADSL modem routers 1.0.1 allow XSS via the hostname of a DHCP client.,tendacn,"adsl_firmware, adsl",MEDIUM,CWE-79,DHCP,Related,Implementation,The hostname field of DHCP clients doesn't properly  being validated or sanitized by the routner ->implementation issue ,
CVE-2009-0692,CVE-2009-0692,"Stack-based buffer overflow in the script_write_params method in client/dhclient.c in ISC DHCP dhclient 4.1 before 4.1.0p1, 4.0 before 4.0.1p1, 3.1 before 3.1.2p1, 3.0, and 2.0 allows remote DHCP servers to execute arbitrary code via a crafted subnet-mask option.",isc,dhcp,HIGH,CWE-119,DHCP,Related,Implementation,This vulnerability allows a remote attacker to execute arbitrary code on vulnerable DHCP clients by sending a crafted subnet-mask option,
CVE-2019-6643,CVE-2019-6643,"On versions 14.1.0-14.1.0.5, 14.0.0-14.0.0.4, 13.0.0-13.1.2, 12.1.0-12.1.4.1, and 11.5.2-11.6.4, an attacker sending specifically crafted DHCPv6 requests through a BIG-IP virtual server configured with a DHCPv6 profile may be able to cause the TMM process to produce a core file.",f5,"big-ip_policy_enforcement_manager, big-ip_webaccelerator, big-ip_access_policy_manager, big-ip_local_traffic_manager, big-ip_domain_name_system, big-ip_application_acceleration_manager, big-ip_application_security_manager, big-ip_fraud_protection_service, big-ip_global_traffic_manager, big-ip_advanced_firewall_manager, big-ip_link_controller, big-ip_analytics, big-ip_edge_gateway",HIGH,NVD-CWE-noinfo,DHCP,Dependent,Implementation,the explotaion is not of the DHCP itself but of some version of a Tool (BIG-IP) being manupulated my a DHCPv6 packet and dodge packet handling (is some way) therefore we have an implementaion issue,
CVE-2020-1672,CVE-2020-1672,"On Juniper Networks Junos OS devices configured with DHCPv6 relay enabled, receipt of a specific DHCPv6 packet might crash the jdhcpd daemon. The jdhcpd daemon automatically restarts without intervention, but continuous receipt of specific crafted DHCP messages will repeatedly crash jdhcpd, leading to an extended Denial of Service (DoS) condition. Only DHCPv6 packet can trigger this issue. DHCPv4 packet cannot trigger this issue. This issue affects Juniper Networks Junos OS: 17.3 versions prior to 17.3R3-S9; 17.4 versions prior to 17.4R2-S11, 17.4R3-S2, 17.4R3-S3; 18.1 versions prior to 18.1R3-S11; 18.2 versions prior to 18.2R3-S5; 18.3 versions prior to 18.3R2-S4, 18.3R3-S3; 18.4 versions prior to 18.4R2-S5, 18.4R3-S4; 19.1 versions prior to 19.1R2-S2, 19.1R3-S2; 19.2 versions prior to 19.2R1-S5, 19.2R2-S1, 19.2R3; 19.3 versions prior to 19.3R2-S4, 19.3R2-S4, 19.3R3; 19.4 versions prior to 19.4R1-S3, 19.4R2-S1, 19.4R3; 20.1 versions prior to 20.1R1-S3, 20.1R2.",juniper,junos,HIGH,CWE-20,DHCP,Related,Implementation,Improper handling of DHCPv6 packets leading to crashes when using DHCP feature (relay helper) relies on an implementation issue.,
CVE-2008-5010,CVE-2008-5010,"in.dhcpd in the DHCP implementation in Sun Solaris 8 through 10, and OpenSolaris before snv_103, allows remote attackers to cause a denial of service (assertion failure and daemon exit) via unknown DHCP requests related to the ""number of offers,"" aka Bug ID 6713805.",sun,"solaris, opensolaris",HIGH,NVD-CWE-noinfo,DHCP,Related,Implementation,"DHCP implementation allows remote attackers to cause a denial of service (assertion failure and daemon exit) via unknown DHCP requests related to the ""number of offers""",
CVE-1999-0875,CVE-1999-0875,DHCP clients with ICMP Router Discovery Protocol (IRDP) enabled allow remote attackers to modify their default routes.,"sun, microsoft","windows_95, sunos, windows_2000, solaris, windows_98se",HIGH,CWE-16,DHCP,Dependent,Logic,"The vulnerability arises from  the way DHCP clients handle IRDP enabling exposes the system to potential route manipulation by attackers, which is a design weakness.",
CVE-2012-3570,CVE-2012-3570,"Buffer overflow in ISC DHCP 4.2.x before 4.2.4-P1, when DHCPv6 mode is enabled, allows remote attackers to cause a denial of service (segmentation fault and daemon exit) via a crafted client identifier parameter.",isc,dhcp,MEDIUM,CWE-119,DHCP,Related,Implementation,Using a feture of the protocol leading to DOS is implement issue (of the feture),
CVE-2018-15392,CVE-2018-15392,"A vulnerability in the DHCP service of Cisco Industrial Network Director could allow an unauthenticated, adjacent attacker to cause a denial of service (DoS) condition. The vulnerability is due to improper handling of DHCP lease requests. An attacker could exploit this vulnerability by sending malicious DHCP lease requests to an affected application. A successful exploit could allow the attacker to cause the DHCP service to terminate, resulting in a DoS condition.",cisco,industrial_network_director,MEDIUM,NVD-CWE-noinfo,DHCP,Related,Implementation,"Miss handeling lease request in the vulnerability, of couers its related to DHCP and its an implementaions issue",
CVE-2018-0174,CVE-2018-0174,"A vulnerability in the DHCP option 82 encapsulation functionality of Cisco IOS Software and Cisco IOS XE Software could allow an unauthenticated, remote attacker to cause an affected device to reload, resulting in a denial of service (DoS) condition. The vulnerability exists because the affected software performs incomplete input validation of option 82 information that it receives in DHCP Version 4 (DHCPv4) packets from DHCP relay agents. An attacker could exploit this vulnerability by sending a crafted DHCPv4 packet to an affected device. A successful exploit could allow the attacker to cause the affected device to reload, resulting in a DoS condition. Cisco Bug IDs: CSCuh91645.","rockwellautomation, cisco","allen-bradley_stratix_5400, 7600_series_route_switch_processor_720, allen-bradley_armorstratix_5700, allen-bradley_stratix_5700, allen-bradley_stratix_8300, ios, allen-bradley_stratix_8000, 7600_series_supervisor_engine_720, ios_xe, 7600_series_supervisor_engine_32, allen-bradley_stratix_5410",HIGH,CWE-20,DHCP,Related,Implementation,The vulnerability exists because the affected software performs incomplete input validation of option 82 information that it receives in DHCP Version 4 (DHCPv4) packets from DHCP relay agents,
CVE-2021-0217,CVE-2021-0217,"A vulnerability in processing of certain DHCP packets from adjacent clients on EX Series and QFX Series switches running Juniper Networks Junos OS with DHCP local/relay server configured may lead to exhaustion of DMA memory causing a Denial of Service (DoS). Over time, exploitation of this vulnerability may cause traffic to stop being forwarded, or to crashing of the fxpc process. When Packet DMA heap utilization reaches 99%, the system will become unstable. Packet DMA heap utilization can be monitored through the following command: user@junos# request pfe execute target fpc0 timeout 30 command ""show heap"" ID Base Total(b) Free(b) Used(b) % Name -- ---------- ----------- ----------- ----------- --- ----------- 0 213301a8 536870488 387228840 149641648 27 Kernel 1 91800000 8388608 3735120 4653488 55 DMA 2 92000000 75497472 74452192 1045280 1 PKT DMA DESC 3 d330000 335544320 257091400 78452920 23 Bcm_sdk 4 96800000 184549376 2408 184546968 99 Packet DMA <--- 5 903fffe0 20971504 20971504 0 0 Blob An indication of the issue occurring may be observed through the following log messages: Dec 10 08:07:00.124 2020 hostname fpc0 brcm_pkt_buf_alloc:523 (buf alloc) failed allocating packet buffer Dec 10 08:07:00.126 2020 hostname fpc0 (buf alloc) failed allocating packet buffer Dec 10 08:07:00.128 2020 hostname fpc0 brcm_pkt_buf_alloc:523 (buf alloc) failed allocating packet buffer Dec 10 08:07:00.130 2020 hostnameC fpc0 (buf alloc) failed allocating packet buffer This issue affects Juniper Networks Junos OS on EX Series and QFX Series: 17.4R3 versions prior to 17.4R3-S3; 18.1R3 versions between 18.1R3-S6 and 18.1R3-S11; 18.2R3 versions prior to 18.2R3-S6; 18.3R3 versions prior to 18.3R3-S4; 18.4R2 versions prior to 18.4R2-S5; 18.4R3 versions prior to 18.4R3-S6; 19.1 versions between 19.1R2 and 19.1R3-S3; 19.2 versions prior to 19.2R3-S1; 19.3 versions prior to 19.3R2-S5, 19.3R3; 19.4 versions prior to 19.4R2-S2, 19.4R3; 20.1 versions prior to 20.1R2; 20.2 versions prior to 20.2R1-S2, 20.2R2. Junos OS versions prior to 17.4R3 are unaffected by this vulnerability.",juniper,"junos, ex3400, ex2300-c, ex4650, qfx10016, qfx5120, qfx5210, qfx5220, qfx5200, ex4600, qfx5110, ex9200, ex4300, qfx10002, ex4300m, qfx10008, qfx5130, ex2300, ex2300m, qfx5100, ex9250",HIGH,CWE-119,DHCP,Related,Implementation,"The issue arises from the improper handling of DHCP packets, indicating a flaw in the implementation of DHCP processing in Juniper Networks Junos OS.",
CVE-2021-31895,CVE-2021-31895,"A vulnerability has been identified in RUGGEDCOM ROS M2100 (All versions < V4.3.7), RUGGEDCOM ROS M2200 (All versions < V4.3.7), RUGGEDCOM ROS M969 (All versions < V4.3.7), RUGGEDCOM ROS RMC (All versions < V4.3.7), RUGGEDCOM ROS RMC20 (All versions < V4.3.7), RUGGEDCOM ROS RMC30 (All versions < V4.3.7), RUGGEDCOM ROS RMC40 (All versions < V4.3.7), RUGGEDCOM ROS RMC41 (All versions < V4.3.7), RUGGEDCOM ROS RMC8388 V4.X (All versions < V4.3.7), RUGGEDCOM ROS RMC8388 V5.X (All versions < V5.5.4), RUGGEDCOM ROS RP110 (All versions < V4.3.7), RUGGEDCOM ROS RS400 (All versions < V4.3.7), RUGGEDCOM ROS RS401 (All versions < V4.3.7), RUGGEDCOM ROS RS416 (All versions < V4.3.7), RUGGEDCOM ROS RS416v2 V4.X (All versions < V4.3.7), RUGGEDCOM ROS RS416v2 V5.X (All versions < 5.5.4), RUGGEDCOM ROS RS8000 (All versions < V4.3.7), RUGGEDCOM ROS RS8000A (All versions < V4.3.7), RUGGEDCOM ROS RS8000H (All versions < V4.3.7), RUGGEDCOM ROS RS8000T (All versions < V4.3.7), RUGGEDCOM ROS RS900 (32M) V4.X (All versions < V4.3.7), RUGGEDCOM ROS RS900 (32M) V5.X (All versions < V5.5.4), RUGGEDCOM ROS RS900G (All versions < V4.3.7), RUGGEDCOM ROS RS900G (32M) V4.X (All versions < V4.3.7), RUGGEDCOM ROS RS900G (32M) V5.X (All versions < V5.5.4), RUGGEDCOM ROS RS900GP (All versions < V4.3.7), RUGGEDCOM ROS RS900L (All versions < V4.3.7), RUGGEDCOM ROS RS900W (All versions < V4.3.7), RUGGEDCOM ROS RS910 (All versions < V4.3.7), RUGGEDCOM ROS RS910L (All versions < V4.3.7), RUGGEDCOM ROS RS910W (All versions < V4.3.7), RUGGEDCOM ROS RS920L (All versions < V4.3.7), RUGGEDCOM ROS RS920W (All versions < V4.3.7), RUGGEDCOM ROS RS930L (All versions < V4.3.7), RUGGEDCOM ROS RS930W (All versions < V4.3.7), RUGGEDCOM ROS RS940G (All versions < V4.3.7), RUGGEDCOM ROS RS969 (All versions < V4.3.7), RUGGEDCOM ROS RSG2100 (32M) V4.X (All versions < V4.3.7), RUGGEDCOM ROS RSG2100 (32M) V5.X (All versions < V5.5.4), RUGGEDCOM ROS RSG2100 V4.X (All versions < V4.3.7), RUGGEDCOM ROS RSG2100P (All versions < V4.3.7), RUGGEDCOM ROS RSG2100P (32M) V4.X (All versions < V4.3.7), RUGGEDCOM ROS RSG2100P (32M) V5.X (All versions < V5.5.4), RUGGEDCOM ROS RSG2200 (All versions < V4.3.7), RUGGEDCOM ROS RSG2288 V4.X (All versions < V4.3.7), RUGGEDCOM ROS RSG2288 V5.X (All versions < V5.5.4), RUGGEDCOM ROS RSG2300 V4.X (All versions < V4.3.7), RUGGEDCOM ROS RSG2300 V5.X (All versions < V5.5.4), RUGGEDCOM ROS RSG2300P V4.X (All versions < V4.3.7), RUGGEDCOM ROS RSG2300P V5.X (All versions < V5.5.4), RUGGEDCOM ROS RSG2488 V4.X (All versions < V4.3.7), RUGGEDCOM ROS RSG2488 V5.X (All versions < V5.5.4), RUGGEDCOM ROS RSG900 V4.X (All versions < V4.3.7), RUGGEDCOM ROS RSG900 V5.X (All versions < V5.5.4), RUGGEDCOM ROS RSG900C (All versions < V5.5.4), RUGGEDCOM ROS RSG900G V4.X (All versions < V4.3.7), RUGGEDCOM ROS RSG900G V5.X (All versions < V5.5.4), RUGGEDCOM ROS RSG900R (All versions < V5.5.4), RUGGEDCOM ROS RSG920P V4.X (All versions < V4.3.7), RUGGEDCOM ROS RSG920P V5.X (All versions < V5.5.4), RUGGEDCOM ROS RSL910 (All versions < V5.5.4), RUGGEDCOM ROS RST2228 (All versions < V5.5.4), RUGGEDCOM ROS RST916C (All versions < V5.5.4), RUGGEDCOM ROS RST916P (All versions < V5.5.4), RUGGEDCOM ROS i800 (All versions < V4.3.7), RUGGEDCOM ROS i801 (All versions < V4.3.7), RUGGEDCOM ROS i802 (All versions < V4.3.7), RUGGEDCOM ROS i803 (All versions < V4.3.7). The DHCP client in affected devices fails to properly sanitize incoming DHCP packets. This could allow an unauthenticated remote attacker to cause memory to be overwritten, potentially allowing remote code execution.",siemens,"ruggedcom_ros_m2100, ruggedcom_rst916c, ruggedcom_ros_rs900l, ruggedcom_ros_rmc41, ruggedcom_rsg2300, ruggedcom_rs900w, ruggedcom_rs8000h, ruggedcom_rsl910, ruggedcom_rmc20, ruggedcom_ros_rs8000h, ruggedcom_rs401, ruggedcom_ros_rs910w, ruggedcom_ros_rst916c, ruggedcom_rmc30, ruggedcom_ros_rsg2200, ruggedcom_rmc41, ruggedcom_ros_rsg2100p, ruggedcom_ros_rs416v2, ruggedcom_ros_rsg900r, ruggedcom_rsg920p, ruggedcom_rs910, ruggedcom_rs930w, ruggedcom_m2100, ruggedcom_ros_i802, ruggedcom_ros_rsg2300, ruggedcom_rsg900c, ruggedcom_rsg2488, ruggedcom_rsg2100, ruggedcom_rsg2288, ruggedcom_rs900g, ruggedcom_ros_rs400, ruggedcom_ros_rs900, ruggedcom_ros_rs920l, ruggedcom_ros_rsl910, ruggedcom_rs920l, ruggedcom_ros_rsg900c, ruggedcom_rs930l, ruggedcom_i801, ruggedcom_rs400, ruggedcom_ros_rs969, ruggedcom_ros_rs940g, ruggedcom_i800, ruggedcom_ros_rs930l, ruggedcom_rsg2300p, ruggedcom_rp110, ruggedcom_rsg2100p, ruggedcom_ros_m2200, ruggedcom_rs416v2, ruggedcom_ros_rsg2488, ruggedcom_ros_rs8000a, ruggedcom_ros_rmc, ruggedcom_i803, ruggedcom_rst2228, ruggedcom_ros_rs416, ruggedcom_ros_rs900w, ruggedcom_ros_rs401, ruggedcom_ros_rs910, ruggedcom_rs8000a, ruggedcom_ros_rsg2288, ruggedcom_ros_rmc8388, ruggedcom_rsg900g, ruggedcom_rs8000, ruggedcom_ros_rp110, ruggedcom_ros_rsg920p, ruggedcom_rs416, ruggedcom_rs910w, ruggedcom_ros_m969, ruggedcom_ros_rst2228, ruggedcom_rs940g, ruggedcom_ros_rst916p, ruggedcom_rmc, ruggedcom_rmc40, ruggedcom_rs969, ruggedcom_ros_rsg900g, ruggedcom_ros_rs8000, ruggedcom_rmc8388, ruggedcom_rsg2200, ruggedcom_rs900l, ruggedcom_rs8000t, ruggedcom_ros_rs8000t, ruggedcom_ros_i801, ruggedcom_rsg900r, ruggedcom_rsg900, ruggedcom_ros_rs930w, ruggedcom_rs900, ruggedcom_rs910l, ruggedcom_m2200, ruggedcom_ros_rmc40, ruggedcom_ros_rsg900, ruggedcom_m969, ruggedcom_rst916p, ruggedcom_ros_rs910l, ruggedcom_ros_rs900gp, ruggedcom_ros_rmc20, ruggedcom_ros_rs920w, ruggedcom_rs920w, ruggedcom_ros_i803, ruggedcom_ros_rsg2100, ruggedcom_i802, ruggedcom_ros_i800, ruggedcom_ros_rs900g, ruggedcom_ros_rmc30, ruggedcom_ros_rsg2300p, ruggedcom_rs900gp",CRITICAL,"CWE-787, CWE-120",DHCP,Related,Implementation,The vulnerability stems from improper memory managment and validation of the dhcp packts. that based in how it softwarely constructed,
CVE-2018-19978,CVE-2018-19978,A buffer overflow vulnerability in the DHCP and PPPOE configuration interface of the Auerswald COMfort 1200 IP phone 3.4.4.1-10589 allows a remote attacker (authenticated as simple user in the same network as the device) to trigger remote code execution via a POST request (ManufacturerName parameter) to the web server on the device. The web server is running with root privileges and the injected code will also run with root privileges.,auerswald,"comfortel_1200_ip, comfortel_1200_ip_firmware",HIGH,CWE-119,DHCP,Related,Implementation,buffer over flow due to miss configuration of DHCP (and PPPOE) is caused from imporper implementation,
CVE-2021-34737,CVE-2021-34737,"A vulnerability in the DHCP version 4 (DHCPv4) server feature of Cisco IOS XR Software could allow an unauthenticated, remote attacker to trigger a crash of the dhcpd process, resulting in a denial of service (DoS) condition. This vulnerability exists because certain DHCPv4 messages are improperly validated when they are processed by an affected device. An attacker could exploit this vulnerability by sending a malformed DHCPv4 message to an affected device. A successful exploit could allow the attacker to cause a NULL pointer dereference, resulting in a crash of the dhcpd process. While the dhcpd process is restarting, which may take up to approximately two minutes, DHCPv4 server services are unavailable on the affected device. This could temporarily prevent network access to clients that join the network during that time period. Note: Only the dhcpd process crashes and eventually restarts automatically. The router does not reload.",cisco,"asr_9001, asr_9906, ncs_5516, ncs_560-4, ncs540x-16z4g8q2c-d, ncs540-12z20g-sys-d, ncs_5508, ios_xrv_9000, ncs540-24z8q2c-sys, ncs_5501, ncs_5001, ncs_560-7, asr_9910, ncs540x-acc-sys, asr_9902, ncs540-28z4c-sys-d, ios_xr, ncs540-24z8q2c-m, asr_9901, ncs540-acc-sys, ncs_5502-se, ncs_5501-se, asr_9904, ncs_5502, asr_9006, ncs_5011, asr_9912, asr_9922, ncs540-28z4c-sys-a, ncs540x-12z16g-sys-a, asr_9010, ncs540-12z20g-sys-a, asr_9903, ncs540x-16z4g8q2c-a, ncs_5002, asr_9000v-v2, ncs540x-12z16g-sys-d",HIGH,CWE-476,DHCP,Related,Implementation,improper validation of DHCP messages is impl vuln,
CVE-2016-2774,CVE-2016-2774,"ISC DHCP 4.1.x before 4.1-ESV-R13 and 4.2.x and 4.3.x before 4.3.4 does not restrict the number of concurrent TCP sessions, which allows remote attackers to cause a denial of service (INSIST assertion failure or request-processing outage) by establishing many sessions.","canonical, isc, debian","ubuntu_linux, debian_linux, dhcp",MEDIUM,CWE-20,DHCP,Unrelated,Implementation,does not restrict the number of concurrent TCP sessions is impl vuln,
CVE-2019-14834,CVE-2019-14834,"A vulnerability was found in dnsmasq before version 2.81, where the memory leak allows remote attackers to cause a denial of service (memory consumption) via vectors involving DHCP response creation.","thekelleys, fedoraproject","fedora, dnsmasq",LOW,CWE-770,DHCP,Dependent,Implementation,vuln in DHCP response creation,
CVE-2020-27861,CVE-2020-27861,This vulnerability allows network-adjacent attackers to execute arbitrary code on affected installations of NETGEAR Orbi 2.5.1.16 routers. Authentication is not required to exploit this vulnerability. The specific flaw exists within the UA_Parser utility. A crafted Host Name option in a DHCP request can trigger execution of a system call composed from a user-supplied string. An attacker can leverage this vulnerability to execute code in the context of root. Was ZDI-CAN-11076.,netgear,"rbk20, rbk20w_firmware, rbk15_firmware, ex6200_firmware, rbk33, rbk13_firmware, cbr40_firmware, rbr20, rbk43_router_firmware, rbs50_firmware, ex8000, rbk22_satellite_firmware, rbk52w_firmware, rbk43_satellite_firmware, rbr40, rbk23w, rbs10, rbr40_firmware, rbk30, rbk12_firmware, cbr40, rbs20_firmware, rbk43s_satellite_firmware, cbk40_firmware, rbr20_firmware, rbk40_router_firmware, rbk43s_router_firmware, rbk44_router_firmware, rbk14, rbk30_firmware, cbk40, rbk44, rbk43, rbr10_firmware, rbk13, rbk44_satellite_firmware, ex6200, rbk52w, rbs40_firmware, rbk50_firmware, rbk14_firmware, rbk50, rbk22_router_firmware, rbk23_router_firmware, rbr50, rbk23_satellite_firmware, rbk33_firmware, rbs50, ex7700_firmware, rbk40_satellite_firmware, rbk40, rbk20w, rbk20_satellite_firmware, rbk22, rbk23, ex7700, rbr50_firmware, rbk23w_firmware, cbk43_firmware, rbs20, rbk50v, ex8000_firmware, rbk20_router_firmware, rbk43s, rbk15, rbs10_firmware, rbr10, rbk50v_firmware, rbk12, cbk43, rbs40",HIGH,CWE-78,DHCP,Related,Implementation,a product specific vuln is an impl vuln,
CVE-2012-6700,CVE-2012-6700,"The decode_search function in dhcp.c in dhcpcd 3.x does not properly free allocated memory, which allows remote DHCP servers to cause a denial of service via a crafted response.","dhcpcd_project, debian","dhcpcd, debian_linux",HIGH,CWE-119,DHCP,Related,Implementation,a product specific vuln is an impl vuln,
CVE-2020-1672,CVE-2020-1672,"On Juniper Networks Junos OS devices configured with DHCPv6 relay enabled, receipt of a specific DHCPv6 packet might crash the jdhcpd daemon. The jdhcpd daemon automatically restarts without intervention, but continuous receipt of specific crafted DHCP messages will repeatedly crash jdhcpd, leading to an extended Denial of Service (DoS) condition. Only DHCPv6 packet can trigger this issue. DHCPv4 packet cannot trigger this issue. This issue affects Juniper Networks Junos OS: 17.3 versions prior to 17.3R3-S9; 17.4 versions prior to 17.4R2-S11, 17.4R3-S2, 17.4R3-S3; 18.1 versions prior to 18.1R3-S11; 18.2 versions prior to 18.2R3-S5; 18.3 versions prior to 18.3R2-S4, 18.3R3-S3; 18.4 versions prior to 18.4R2-S5, 18.4R3-S4; 19.1 versions prior to 19.1R2-S2, 19.1R3-S2; 19.2 versions prior to 19.2R1-S5, 19.2R2-S1, 19.2R3; 19.3 versions prior to 19.3R2-S4, 19.3R2-S4, 19.3R3; 19.4 versions prior to 19.4R1-S3, 19.4R2-S1, 19.4R3; 20.1 versions prior to 20.1R1-S3, 20.1R2.",juniper,junos,HIGH,CWE-20,DHCP,Related,Implementation,a product specific vuln is an impl vuln,
CVE-2013-5218,CVE-2013-5218,"Cross-site scripting (XSS) vulnerability on the HOT HOTBOX router with software 2.1.11 allows remote attackers to inject arbitrary web script or HTML via a crafted DHCP Host Name option, which is not properly handled during rendering of the DHCP table in wlanAccess.asp.",hot,"hotbox_router_firmware, hotbox_router",LOW,CWE-79,DHCP,Unrelated,Implementation,a product specific vuln is an impl vuln,
CVE-2002-1069,CVE-2002-1069,"The remote administration capability for the D-Link DI-804 router 4.68 allows remote attackers to bypass authentication and release DHCP addresses or obtain sensitive information via a direct web request to the pages (1) release.htm, (2) Device Status, or (3) Device Information.",d-link,di-804,MEDIUM,NVD-CWE-Other,DHCP,Related,Implementation,a product specific vuln is an impl vuln,
CVE-2017-2348,CVE-2017-2348,"The Juniper Enhanced jdhcpd daemon may experience high CPU utilization, or crash and restart upon receipt of an invalid IPv6 UDP packet. Both high CPU utilization and repeated crashes of the jdhcpd daemon can result in a denial of service as DHCP service is interrupted. No other Juniper Networks products or platforms are affected by this issue. Affected releases are Juniper Networks Junos OS 14.1X53 prior to 14.1X53-D12, 14.1X53-D38, 14.1X53-D40 on QFX, EX, QFabric System; 15.1 prior to 15.1F2-S18, 15.1R4 on all products and platforms; 15.1X49 prior to 15.1X49-D80 on SRX; 15.1X53 prior to 15.1X53-D51, 15.1X53-D60 on NFX, QFX, EX.",juniper,junos,HIGH,CWE-400,DHCP,Dependent,Implementation,a product specific vuln is an impl vuln,
CVE-2012-3571,CVE-2012-3571,ISC DHCP 4.1.2 through 4.2.4 and 4.1-ESV before 4.1-ESV-R6 allows remote attackers to cause a denial of service (infinite loop and CPU consumption) via a malformed client identifier.,"canonical, isc, debian","ubuntu_linux, debian_linux, dhcp",MEDIUM,CWE-119,DHCP,Dependent,Implementation,a product specific vuln is an impl vuln,
CVE-2014-2182,CVE-2014-2182,"Cisco Adaptive Security Appliance (ASA) Software, when DHCPv6 replay is configured, allows remote attackers to cause a denial of service (device reload) via a crafted DHCPv6 packet, aka Bug ID CSCun45520.",cisco,adaptive_security_appliance_software,MEDIUM,CWE-20,DHCP,Related,Implementation,a product specific vuln is an impl vuln,
CVE-1999-0875,CVE-1999-0875,DHCP clients with ICMP Router Discovery Protocol (IRDP) enabled allow remote attackers to modify their default routes.,"sun, microsoft","windows_95, sunos, windows_2000, solaris, windows_98se",HIGH,CWE-16,DHCP,Related,Logic,the combination of features could interfer with each other,
CVE-2016-10719,CVE-2016-10719,"TP-Link Archer CR-700 1.0.6 devices have an XSS vulnerability that can be introduced into the admin account through a DHCP request, allowing the attacker to steal the cookie information, which contains the base64 encoded username and password.",tp-link,"archer_cr700_firmware, archer_cr700",MEDIUM,CWE-79,DHCP,Unrelated,Implementation,a product specific vuln is an impl vuln,
CVE-2018-0055,CVE-2018-0055,"Receipt of a specially crafted DHCPv6 message destined to a Junos OS device configured as a DHCP server in a Broadband Edge (BBE) environment may result in a jdhcpd daemon crash. The daemon automatically restarts without intervention, but a continuous receipt of crafted DHCPv6 packets could leaded to an extended denial of service condition. This issue only affects Junos OS 15.1 and later. Earlier releases are unaffected by this issue. Devices are only vulnerable to the specially crafted DHCPv6 message if DHCP services are configured. Devices not configured to act as a DHCP server are not vulnerable to this issue. Affected releases are Juniper Networks Junos OS: 15.1 versions prior to 15.1R7-S2; 15.1X49 versions prior to 15.1X49-D160; 15.1X53 versions prior to 15.1X53-D235, 15.1X53-D495; 16.1 versions prior to 16.1R4-S11, 16.1R6-S6, 16.1R7-S2; 16.2 versions prior to 16.2R2-S7; 17.1 versions prior to 17.1R2-S9; 17.2 versions prior to 17.2R2-S6; 17.3 versions prior to 17.3R3-S1; 17.4 versions prior to 17.4R1-S5; 18.1 versions prior to 18.1R2-S3; 18.2 versions prior to 18.2R1-S2; 18.2X75 versions prior to 18.2X75-D20.",juniper,junos,MEDIUM,CWE-20,DHCP,Dependent,Implementation,a product specific vuln is an impl vuln,
CVE-2002-1071,CVE-2002-1071,"ZyXEL Prestige 642R allows remote attackers to cause a denial of service in the Telnet, FTP, and DHCP services (crash) via a TCP packet with both the SYN and ACK flags set.",zyxel,prestige,MEDIUM,NVD-CWE-Other,DHCP,Unrelated,Implementation,a product specific vuln is an impl vuln,
CVE-2005-0876,CVE-2005-0876,Off-by-one buffer overflow in Dnsmasq before 2.21 may allow attackers to execute arbitrary code via the DHCP lease file.,dnsmasq,dnsmasq,MEDIUM,NVD-CWE-Other,DHCP,Related,Implementation,a product specific vuln is an impl vuln,
CVE-2018-0174,CVE-2018-0174,"A vulnerability in the DHCP option 82 encapsulation functionality of Cisco IOS Software and Cisco IOS XE Software could allow an unauthenticated, remote attacker to cause an affected device to reload, resulting in a denial of service (DoS) condition. The vulnerability exists because the affected software performs incomplete input validation of option 82 information that it receives in DHCP Version 4 (DHCPv4) packets from DHCP relay agents. An attacker could exploit this vulnerability by sending a crafted DHCPv4 packet to an affected device. A successful exploit could allow the attacker to cause the affected device to reload, resulting in a DoS condition. Cisco Bug IDs: CSCuh91645.","rockwellautomation, cisco","allen-bradley_stratix_5400, 7600_series_route_switch_processor_720, allen-bradley_armorstratix_5700, allen-bradley_stratix_5700, allen-bradley_stratix_8300, ios, allen-bradley_stratix_8000, 7600_series_supervisor_engine_720, ios_xe, 7600_series_supervisor_engine_32, allen-bradley_stratix_5410",HIGH,CWE-20,DHCP,Dependent,Implementation,a product specific vuln is an impl vuln,
CVE-2018-19978,CVE-2018-19978,A buffer overflow vulnerability in the DHCP and PPPOE configuration interface of the Auerswald COMfort 1200 IP phone 3.4.4.1-10589 allows a remote attacker (authenticated as simple user in the same network as the device) to trigger remote code execution via a POST request (ManufacturerName parameter) to the web server on the device. The web server is running with root privileges and the injected code will also run with root privileges.,auerswald,"comfortel_1200_ip, comfortel_1200_ip_firmware",HIGH,CWE-119,DHCP,Unrelated,Implementation,a product specific vuln is an impl vuln,
CVE-2019-12513,CVE-2019-12513,"In NETGEAR Nighthawk X10-R900 prior to 1.0.4.24, by sending a DHCP discover request containing a malicious hostname field, an attacker may execute stored XSS attacks against this device. When the malicious DHCP request is received, the device will generate a log entry containing the malicious hostname. This log entry may then be viewed at Advanced settings->Administration->Logs to trigger the exploit. Although this value is inserted into a textarea tag, converted to all-caps, and limited in length, attacks are still possible.",netgear,"nighthawk_x10-r9000_firmware, nighthawk_x10-r9000",MEDIUM,CWE-79,DHCP,Related,Implementation,a product specific vuln is an impl vuln,
CVE-2017-13017,CVE-2017-13017,The DHCPv6 parser in tcpdump before 4.9.2 has a buffer over-read in print-dhcp6.c:dhcp6opt_print().,tcpdump,tcpdump,CRITICAL,CWE-125,DHCP,Unrelated,Implementation,a product specific vuln is an impl vuln,
CVE-2021-31895,CVE-2021-31895,"A vulnerability has been identified in RUGGEDCOM ROS M2100 (All versions < V4.3.7), RUGGEDCOM ROS M2200 (All versions < V4.3.7), RUGGEDCOM ROS M969 (All versions < V4.3.7), RUGGEDCOM ROS RMC (All versions < V4.3.7), RUGGEDCOM ROS RMC20 (All versions < V4.3.7), RUGGEDCOM ROS RMC30 (All versions < V4.3.7), RUGGEDCOM ROS RMC40 (All versions < V4.3.7), RUGGEDCOM ROS RMC41 (All versions < V4.3.7), RUGGEDCOM ROS RMC8388 V4.X (All versions < V4.3.7), RUGGEDCOM ROS RMC8388 V5.X (All versions < V5.5.4), RUGGEDCOM ROS RP110 (All versions < V4.3.7), RUGGEDCOM ROS RS400 (All versions < V4.3.7), RUGGEDCOM ROS RS401 (All versions < V4.3.7), RUGGEDCOM ROS RS416 (All versions < V4.3.7), RUGGEDCOM ROS RS416v2 V4.X (All versions < V4.3.7), RUGGEDCOM ROS RS416v2 V5.X (All versions < 5.5.4), RUGGEDCOM ROS RS8000 (All versions < V4.3.7), RUGGEDCOM ROS RS8000A (All versions < V4.3.7), RUGGEDCOM ROS RS8000H (All versions < V4.3.7), RUGGEDCOM ROS RS8000T (All versions < V4.3.7), RUGGEDCOM ROS RS900 (32M) V4.X (All versions < V4.3.7), RUGGEDCOM ROS RS900 (32M) V5.X (All versions < V5.5.4), RUGGEDCOM ROS RS900G (All versions < V4.3.7), RUGGEDCOM ROS RS900G (32M) V4.X (All versions < V4.3.7), RUGGEDCOM ROS RS900G (32M) V5.X (All versions < V5.5.4), RUGGEDCOM ROS RS900GP (All versions < V4.3.7), RUGGEDCOM ROS RS900L (All versions < V4.3.7), RUGGEDCOM ROS RS900W (All versions < V4.3.7), RUGGEDCOM ROS RS910 (All versions < V4.3.7), RUGGEDCOM ROS RS910L (All versions < V4.3.7), RUGGEDCOM ROS RS910W (All versions < V4.3.7), RUGGEDCOM ROS RS920L (All versions < V4.3.7), RUGGEDCOM ROS RS920W (All versions < V4.3.7), RUGGEDCOM ROS RS930L (All versions < V4.3.7), RUGGEDCOM ROS RS930W (All versions < V4.3.7), RUGGEDCOM ROS RS940G (All versions < V4.3.7), RUGGEDCOM ROS RS969 (All versions < V4.3.7), RUGGEDCOM ROS RSG2100 (32M) V4.X (All versions < V4.3.7), RUGGEDCOM ROS RSG2100 (32M) V5.X (All versions < V5.5.4), RUGGEDCOM ROS RSG2100 V4.X (All versions < V4.3.7), RUGGEDCOM ROS RSG2100P (All versions < V4.3.7), RUGGEDCOM ROS RSG2100P (32M) V4.X (All versions < V4.3.7), RUGGEDCOM ROS RSG2100P (32M) V5.X (All versions < V5.5.4), RUGGEDCOM ROS RSG2200 (All versions < V4.3.7), RUGGEDCOM ROS RSG2288 V4.X (All versions < V4.3.7), RUGGEDCOM ROS RSG2288 V5.X (All versions < V5.5.4), RUGGEDCOM ROS RSG2300 V4.X (All versions < V4.3.7), RUGGEDCOM ROS RSG2300 V5.X (All versions < V5.5.4), RUGGEDCOM ROS RSG2300P V4.X (All versions < V4.3.7), RUGGEDCOM ROS RSG2300P V5.X (All versions < V5.5.4), RUGGEDCOM ROS RSG2488 V4.X (All versions < V4.3.7), RUGGEDCOM ROS RSG2488 V5.X (All versions < V5.5.4), RUGGEDCOM ROS RSG900 V4.X (All versions < V4.3.7), RUGGEDCOM ROS RSG900 V5.X (All versions < V5.5.4), RUGGEDCOM ROS RSG900C (All versions < V5.5.4), RUGGEDCOM ROS RSG900G V4.X (All versions < V4.3.7), RUGGEDCOM ROS RSG900G V5.X (All versions < V5.5.4), RUGGEDCOM ROS RSG900R (All versions < V5.5.4), RUGGEDCOM ROS RSG920P V4.X (All versions < V4.3.7), RUGGEDCOM ROS RSG920P V5.X (All versions < V5.5.4), RUGGEDCOM ROS RSL910 (All versions < V5.5.4), RUGGEDCOM ROS RST2228 (All versions < V5.5.4), RUGGEDCOM ROS RST916C (All versions < V5.5.4), RUGGEDCOM ROS RST916P (All versions < V5.5.4), RUGGEDCOM ROS i800 (All versions < V4.3.7), RUGGEDCOM ROS i801 (All versions < V4.3.7), RUGGEDCOM ROS i802 (All versions < V4.3.7), RUGGEDCOM ROS i803 (All versions < V4.3.7). The DHCP client in affected devices fails to properly sanitize incoming DHCP packets. This could allow an unauthenticated remote attacker to cause memory to be overwritten, potentially allowing remote code execution.",siemens,"ruggedcom_ros_m2100, ruggedcom_rst916c, ruggedcom_ros_rs900l, ruggedcom_ros_rmc41, ruggedcom_rsg2300, ruggedcom_rs900w, ruggedcom_rs8000h, ruggedcom_rsl910, ruggedcom_rmc20, ruggedcom_ros_rs8000h, ruggedcom_rs401, ruggedcom_ros_rs910w, ruggedcom_ros_rst916c, ruggedcom_rmc30, ruggedcom_ros_rsg2200, ruggedcom_rmc41, ruggedcom_ros_rsg2100p, ruggedcom_ros_rs416v2, ruggedcom_ros_rsg900r, ruggedcom_rsg920p, ruggedcom_rs910, ruggedcom_rs930w, ruggedcom_m2100, ruggedcom_ros_i802, ruggedcom_ros_rsg2300, ruggedcom_rsg900c, ruggedcom_rsg2488, ruggedcom_rsg2100, ruggedcom_rsg2288, ruggedcom_rs900g, ruggedcom_ros_rs400, ruggedcom_ros_rs900, ruggedcom_ros_rs920l, ruggedcom_ros_rsl910, ruggedcom_rs920l, ruggedcom_ros_rsg900c, ruggedcom_rs930l, ruggedcom_i801, ruggedcom_rs400, ruggedcom_ros_rs969, ruggedcom_ros_rs940g, ruggedcom_i800, ruggedcom_ros_rs930l, ruggedcom_rsg2300p, ruggedcom_rp110, ruggedcom_rsg2100p, ruggedcom_ros_m2200, ruggedcom_rs416v2, ruggedcom_ros_rsg2488, ruggedcom_ros_rs8000a, ruggedcom_ros_rmc, ruggedcom_i803, ruggedcom_rst2228, ruggedcom_ros_rs416, ruggedcom_ros_rs900w, ruggedcom_ros_rs401, ruggedcom_ros_rs910, ruggedcom_rs8000a, ruggedcom_ros_rsg2288, ruggedcom_ros_rmc8388, ruggedcom_rsg900g, ruggedcom_rs8000, ruggedcom_ros_rp110, ruggedcom_ros_rsg920p, ruggedcom_rs416, ruggedcom_rs910w, ruggedcom_ros_m969, ruggedcom_ros_rst2228, ruggedcom_rs940g, ruggedcom_ros_rst916p, ruggedcom_rmc, ruggedcom_rmc40, ruggedcom_rs969, ruggedcom_ros_rsg900g, ruggedcom_ros_rs8000, ruggedcom_rmc8388, ruggedcom_rsg2200, ruggedcom_rs900l, ruggedcom_rs8000t, ruggedcom_ros_rs8000t, ruggedcom_ros_i801, ruggedcom_rsg900r, ruggedcom_rsg900, ruggedcom_ros_rs930w, ruggedcom_rs900, ruggedcom_rs910l, ruggedcom_m2200, ruggedcom_ros_rmc40, ruggedcom_ros_rsg900, ruggedcom_m969, ruggedcom_rst916p, ruggedcom_ros_rs910l, ruggedcom_ros_rs900gp, ruggedcom_ros_rmc20, ruggedcom_ros_rs920w, ruggedcom_rs920w, ruggedcom_ros_i803, ruggedcom_ros_rsg2100, ruggedcom_i802, ruggedcom_ros_i800, ruggedcom_ros_rs900g, ruggedcom_ros_rmc30, ruggedcom_ros_rsg2300p, ruggedcom_rs900gp",CRITICAL,"CWE-787, CWE-120",DHCP,Related,Implementation,הבעיה היא ב-DHCP שהתוכנה לא מטפלת כראוי בפקטות DHCP ואז התוקף יכול להזריק שם קטע זיכרון משלו ואולי אפילו לגרום ל-remote code execution אם הוא גם יכול להחדיר קוד באיזורים אחרים. זו בעיית מימוש שלא מטפלים טוב בפקטות.,
CVE-2021-31881,CVE-2021-31881,"A vulnerability has been identified in APOGEE MBC (PPC) (BACnet) (All versions), APOGEE MBC (PPC) (P2 Ethernet) (All versions), APOGEE MEC (PPC) (BACnet) (All versions), APOGEE MEC (PPC) (P2 Ethernet) (All versions), APOGEE PXC Compact (BACnet) (All versions), APOGEE PXC Compact (P2 Ethernet) (All versions), APOGEE PXC Modular (BACnet) (All versions), APOGEE PXC Modular (P2 Ethernet) (All versions), Capital VSTAR (All versions with enabled Ethernet options), Desigo PXC00-E.D (All versions >= V2.3), Desigo PXC00-U (All versions >= V2.3), Desigo PXC001-E.D (All versions >= V2.3), Desigo PXC100-E.D (All versions >= V2.3), Desigo PXC12-E.D (All versions >= V2.3), Desigo PXC128-U (All versions >= V2.3), Desigo PXC200-E.D (All versions >= V2.3), Desigo PXC22-E.D (All versions >= V2.3), Desigo PXC22.1-E.D (All versions >= V2.3), Desigo PXC36.1-E.D (All versions >= V2.3), Desigo PXC50-E.D (All versions >= V2.3), Desigo PXC64-U (All versions >= V2.3), Desigo PXM20-E (All versions >= V2.3), Nucleus NET (All versions), Nucleus ReadyStart V3 (All versions < V2017.02.4), Nucleus Source Code (All versions), TALON TC Compact (BACnet) (All versions), TALON TC Modular (BACnet) (All versions). When processing a DHCP OFFER message, the DHCP client application does not validate the length of the Vendor option(s), leading to Denial-of-Service conditions. (FSMD-2021-0008)",siemens,"talon_tc_compact_firmware, apogee_modular_equiment_controller, nucleus_readystart_v3, talon_tc_modular_firmware, nucleus_source_code, apogee_modular_building_controller_firmware, nucleus_net, apogee_modular_building_controller, apogee_pxc_compact, talon_tc_modular, apogee_pxc_modular_firmware, apogee_pxc_modular, apogee_pxc_compact_firmware, apogee_modular_equiment_controller_firmware, capital_vstar, talon_tc_compact",HIGH,CWE-125,DHCP,Related,Implementation,"בעיה במימוש צד הלקוח של ה-DHCP שהוא לא בודק את האורך שזה עלול לגרום ל-DDOS ולכן זו בעיית מימוש (ניתן היה לחשוב שזו בעייה בדיזיין, אבל לדעתי בדיקת אורך זה דבר פרט שלא נכנסים אליו בדיזיין כי זו אחריות של המתכנת לשים לב לדברים כאלה).",
CVE-2021-0217,CVE-2021-0217,"A vulnerability in processing of certain DHCP packets from adjacent clients on EX Series and QFX Series switches running Juniper Networks Junos OS with DHCP local/relay server configured may lead to exhaustion of DMA memory causing a Denial of Service (DoS). Over time, exploitation of this vulnerability may cause traffic to stop being forwarded, or to crashing of the fxpc process. When Packet DMA heap utilization reaches 99%, the system will become unstable. Packet DMA heap utilization can be monitored through the following command: user@junos# request pfe execute target fpc0 timeout 30 command ""show heap"" ID Base Total(b) Free(b) Used(b) % Name -- ---------- ----------- ----------- ----------- --- ----------- 0 213301a8 536870488 387228840 149641648 27 Kernel 1 91800000 8388608 3735120 4653488 55 DMA 2 92000000 75497472 74452192 1045280 1 PKT DMA DESC 3 d330000 335544320 257091400 78452920 23 Bcm_sdk 4 96800000 184549376 2408 184546968 99 Packet DMA <--- 5 903fffe0 20971504 20971504 0 0 Blob An indication of the issue occurring may be observed through the following log messages: Dec 10 08:07:00.124 2020 hostname fpc0 brcm_pkt_buf_alloc:523 (buf alloc) failed allocating packet buffer Dec 10 08:07:00.126 2020 hostname fpc0 (buf alloc) failed allocating packet buffer Dec 10 08:07:00.128 2020 hostname fpc0 brcm_pkt_buf_alloc:523 (buf alloc) failed allocating packet buffer Dec 10 08:07:00.130 2020 hostnameC fpc0 (buf alloc) failed allocating packet buffer This issue affects Juniper Networks Junos OS on EX Series and QFX Series: 17.4R3 versions prior to 17.4R3-S3; 18.1R3 versions between 18.1R3-S6 and 18.1R3-S11; 18.2R3 versions prior to 18.2R3-S6; 18.3R3 versions prior to 18.3R3-S4; 18.4R2 versions prior to 18.4R2-S5; 18.4R3 versions prior to 18.4R3-S6; 19.1 versions between 19.1R2 and 19.1R3-S3; 19.2 versions prior to 19.2R3-S1; 19.3 versions prior to 19.3R2-S5, 19.3R3; 19.4 versions prior to 19.4R2-S2, 19.4R3; 20.1 versions prior to 20.1R2; 20.2 versions prior to 20.2R1-S2, 20.2R2. Junos OS versions prior to 17.4R3 are unaffected by this vulnerability.",juniper,"junos, ex3400, ex2300-c, ex4650, qfx10016, qfx5120, qfx5210, qfx5220, qfx5200, ex4600, qfx5110, ex9200, ex4300, qfx10002, ex4300m, qfx10008, qfx5130, ex2300, ex2300m, qfx5100, ex9250",HIGH,CWE-119,DHCP,Related,Implementation,בעיה במימוש עיבוד הפקטות של ה-DHCP שגורם לכל הזיכרון להיגמר ובכך להתקפת מניעת שירות. יש קשר ישיר למימוש של DHCP ועיבוד לא נכון,
CVE-2019-6643,CVE-2019-6643,"On versions 14.1.0-14.1.0.5, 14.0.0-14.0.0.4, 13.0.0-13.1.2, 12.1.0-12.1.4.1, and 11.5.2-11.6.4, an attacker sending specifically crafted DHCPv6 requests through a BIG-IP virtual server configured with a DHCPv6 profile may be able to cause the TMM process to produce a core file.",f5,"big-ip_policy_enforcement_manager, big-ip_webaccelerator, big-ip_access_policy_manager, big-ip_local_traffic_manager, big-ip_domain_name_system, big-ip_application_acceleration_manager, big-ip_application_security_manager, big-ip_fraud_protection_service, big-ip_global_traffic_manager, big-ip_advanced_firewall_manager, big-ip_link_controller, big-ip_analytics, big-ip_edge_gateway",HIGH,NVD-CWE-noinfo,DHCP,Dependent,Implementation,"החולשה קשורה לאופן שבו מיושמת הפונקציונליות של DHCPv6 בגרסאות המושפעות של תוכנת F5 BIG-IP. זה מצביע על כך שהתוכנה לא מצליחה לטפל בקשות DHCPv6 בעלות מבנה ספציפי, מה שמוביל לבעיית אבטחה פוטנציאלית שבה תוקף יכול לגרום לתהליך המיקרו-קרנל לניהול תעבורה (TMM) לייצר קובץ ליבה. זה מצביע על פגם באופן שבו התוכנה מעבדת ומאמתת בקשות DHCPv6 נכנסות, מה שעשוי לאפשר לתוקף לנצל את הפגם הזה כדי להפעיל קריסה או התנהגות לא מכוונת אחרת בתהליך ה-TMM..  הייתי אומר שפגיעות זו תלויה ב-DHCP, במיוחד DHCPv6. היא מסתמכת על הטמעת פונקציונליות ה-DHCPv6 בתוך הגירסאות המושפעות של תוכנת F5 BIG-IP, דבר המצביע על כך שפגמים באופן הטיפול בבקשות DHCPv6 יכולים להוביל לבעיית האבטחה המתוארת בתהליך TMM. לכן, הפגיעות תלויה בפעולה ובטיפול הנכונים של DHCPv6 בתוך סביבת התוכנה.",
CVE-2019-1840,CVE-2019-1840,"A vulnerability in the DHCPv6 input packet processor of Cisco Prime Network Registrar could allow an unauthenticated, remote attacker to restart the server and cause a denial of service (DoS) condition on the affected system. The vulnerability is due to incomplete user-supplied input validation when a custom extension attempts to change a DHCPv6 packet received by the application. An attacker could exploit this vulnerability by sending malformed DHCPv6 packets to the application. An exploit could allow the attacker to trigger a restart of the service which, if exploited repeatedly, might lead to a DoS condition. This vulnerability can only be exploited if the administrator of the server has previously installed custom extensions that attempt to modify the packet details before the packet has been processed. Note: Although the CVSS score matches a High SIR, this has been lowered to Medium because this condition will only affect an application that has customer-developed extensions that will attempt to modify packet parameters before the packet has been completely sanitized. If packet modification in a custom extension happens after the packet has been sanitized, the application will not be affected by this vulnerability. Software versions prior to 8.3(7) and 9.1(2) are affected.",cisco,prime_network_registrar,HIGH,CWE-665,DHCP,Dependent,Implementation,החולשה מאפשרת לתוקף לא מאומת מרוחק לגרום ל-DoS על ידי שליחת פקטות DHCPv6 זדוניות את היישום Cisco Prime Network Registrar . לכן זה קשור ל-DHCP. זו בעיה במימוש מכיוון שיש אימות לא מספיק טוב על שולח הפקטות. זה dependent ולא related מכיוון שזו חולשה שקשור לאיך שהטמיעו את הפרוטוקול וטיפלו לא טוב באימות. ,
CVE-2019-12264,CVE-2019-12264,"Wind River VxWorks 6.6, 6.7, 6.8, 6.9.3, 6.9.4, and Vx7 has Incorrect Access Control in IPv4 assignment by the ipdhcpc DHCP client component.","windriver, siemens, belden","hirschmann_dragon_mach4000, ruggedcom_win7200_firmware, hirschmann_eesx30, garrettcom_magnum_dx940e_firmware, ruggedcom_win7000, hirschmann_octopus_os3, hirschmann_rsp20, hirschmann_msp32, ruggedcom_win7018_firmware, hirschmann_rspe32, ruggedcom_win7000_firmware, hirschmann_msp40, hirschmann_grs1020, hirschmann_rspe35, hirschmann_grs1142, hirschmann_ees25, hirschmann_red25, hirschmann_grs1130, ruggedcom_win7025, hirschmann_rspe30, ruggedcom_win7025_firmware, hirschmann_rsp25, hirschmann_rail_switch_power_lite, ruggedcom_win7200, hirschmann_msp30, garrettcom_magnum_dx940e, hirschmann_eagle_one, hirschmann_ees20, hirschmann_rail_switch_power_smart, vxworks, hirschmann_grs1042, hirschmann_rsp35, hirschmann_dragon_mach4500, hirschmann_rsp30, hirschmann_rspe37, hirschmann_eagle20, hirschmann_eagle30, hirschmann_grs1030, ruggedcom_win7018, hirschmann_grs1120, hirschmann_eesx20, hirschmann_hios",HIGH,CWE-88,DHCP,Dependent,Implementation,"החולשה נמצאת ב-client DHCP של מערכת ההפעלה, האחראי על האינטראקציה עם שרתי DHCP כדי לקבל הקצאות כתובות IP. לא מדובר בחולשה שהיא ממש בפרוטוקול DHCP עצמו, אלא בפגם באופן שבו client DHCP מיושם במערכת ההפעלה VxWorks. זו כמובן חולשת מימוש שלא מימשו טוב את הפרוטוקול שם. ניתן מנגד לטעון שזו בעיה באיך ש-DHCP מקצה כתובות בצורה לא מאומתת ואז זו בעיה לוגית ב-DHCP...",
CVE-2019-0726,CVE-2019-0726,"A memory corruption vulnerability exists in the Windows DHCP client when an attacker sends specially crafted DHCP responses to a client, aka 'Windows DHCP Client Remote Code Execution Vulnerability'. This CVE ID is unique from CVE-2019-0697, CVE-2019-0698.",microsoft,"windows_10, windows_server_2016, windows_server_2019",CRITICAL,CWE-787,DHCP,Related,,בעיה במימוש של DHCP אצל ווינדואוס. זו בעיה של memory corruption שהיה ניתן למנוע באמצעות כתיבת קוד נכון. זה קשור ישירות למימוש פרוטוקל DHCP,
CVE-2018-20373,CVE-2018-20373,Tenda ADSL modem routers 1.0.1 allow XSS via the hostname of a DHCP client.,tendacn,"adsl_firmware, adsl",MEDIUM,CWE-79,DHCP,Dependent,Implementation,"הבעיה היא שניתן להזריק קוד זדוני בשדה שקשור ל-DHCP. זה לא קשור ישירות לחולשה בפרוטוקול ולכן זה dependent. לדעתי XSS זו כן בעיית מימוש ודווקא לא בעיה לוגית בניגוד ל-CSRF מכיוון שניתן למנוע זאת ע""י טיפול נכון בקלט של משתמש.",
CVE-2018-15392,CVE-2018-15392,"A vulnerability in the DHCP service of Cisco Industrial Network Director could allow an unauthenticated, adjacent attacker to cause a denial of service (DoS) condition. The vulnerability is due to improper handling of DHCP lease requests. An attacker could exploit this vulnerability by sending malicious DHCP lease requests to an affected application. A successful exploit could allow the attacker to cause the DHCP service to terminate, resulting in a DoS condition.",cisco,industrial_network_director,MEDIUM,NVD-CWE-noinfo,DHCP,Related,Implementation,רשום מפורשות שזו בעיה במימוש של פרוטוקול DHCP בשירותים של סיסקו. זה קשור לטיפול לא נכון בבקשות זדוניות וזה עלול לגרום ל-DHCP. ניתן היה למנוע זאת עם מימוש נכון.,
CVE-2018-0057,CVE-2018-0057,"On MX Series and M120/M320 platforms configured in a Broadband Edge (BBE) environment, subscribers logging in with DHCP Option 50 to request a specific IP address will be assigned the requested IP address, even if there is a static MAC to IP address binding in the access profile. In the problem scenario, with a hardware-address and IP address configured under address-assignment pool, if a subscriber logging in with DHCP Option 50, the subscriber will not be assigned an available address from the matched pool, but will still get the requested IP address. A malicious DHCP subscriber may be able to utilize this vulnerability to create duplicate IP address assignments, leading to a denial of service for valid subscribers or unauthorized information disclosure via IP address assignment spoofing. Affected releases are Juniper Networks Junos OS: 15.1 versions prior to 15.1R7-S2, 15.1R8; 16.1 versions prior to 16.1R4-S12, 16.1R7-S2, 16.1R8; 16.2 versions prior to 16.2R2-S7, 16.2R3; 17.1 versions prior to 17.1R2-S9, 17.1R3; 17.2 versions prior to 17.2R1-S7, 17.2R2-S6, 17.2R3; 17.3 versions prior to 17.3R2-S4, 17.3R3; 17.4 versions prior to 17.4R2; 18.1 versions prior to 18.1R2-S3, 18.1R3.",juniper,junos,CRITICAL,NVD-CWE-noinfo,DHCP,Related,Logic,"ובכן, אמנם הבעיה קשורה לאיך שמשתמשים ב-DHCP במערכת שיכולה לגרום להקצאות כפולות. זו בעיה לוגית בפרוטוקול לדעתי קודם כל כי יש המון מוצרים שמושפעים מהבעיה, וכן אני חושב שפשו לא תכננו טוב את DHCP option 50 ואיך למנוע מצב של הקצאות כפולות. ",
CVE-2016-1367,CVE-2016-1367,"The DHCPv6 relay implementation in Cisco Adaptive Security Appliance (ASA) Software 9.4.1 allows remote attackers to cause a denial of service (device reload) via crafted DHCPv6 packets, aka Bug ID CSCus23248.",cisco,adaptive_security_appliance_software,HIGH,CWE-399,DHCP,Dependent,Implementation,"רשום שזו בעיה במימוש של DHCP במערכת המוזכרת של סיסקו. זה dependent כי זו לא חולשה בפרוטוקול, אלא זה באיך שטיפלו בו בתוך המערכת.",
CVE-2015-6297,CVE-2015-6297,"The DHCPv6 server in Cisco IOS on ASR 9000 devices with software 5.2.0 Base allows remote attackers to cause a denial of service (process reset) via crafted packets, aka Bug ID CSCun36525.",cisco,"asr_9006, asr_9912, asr_9922, ios_xr, asr_9001, asr_9010, asr_9904",MEDIUM,CWE-399,DHCP,Related,Implementation,בעיה שהיא ממש בשרת ה-DHCP של סיסקו. יש בעיית מימוש שסוגים מסויימים של פקטות גורמות ל-DOS (הקישורים ברפרנס לא עובדים..),
CVE-2015-0633,CVE-2015-0633,"The Integrated Management Controller (IMC) in Cisco Unified Computing System (UCS) 1.4(7h) and earlier on C-Series servers allows remote attackers to bypass intended access restrictions by sending crafted DHCP response packets on the local network, aka Bug ID CSCuf52876.",cisco,"c220_m4, c250_m2, c250_m1, c200_m1, c460_m2, c460_m1, c240_m4, c24_m3, c200_m2, c3160, unified_computing_system, c240_m3, c22_m3, c420_m2, c260_m2, c220_m3, c460_m4, c420_m3, c210_m2",MEDIUM,CWE-20,DHCP,Related,Logic,החולשה כרוכה בשליחת פקטת תגובה DHCP עם מבנה מיוחד.כדי לנצל את הפגיעות ב-IMC. זה נראה כמו בעיה בתכנון של הפרוטוקול לפני כתיבת הקוד ולכן זה logic. הניצול הוא של הודעות הפקוטוקול ולכן זה related. ,
CVE-2012-3570,CVE-2012-3570,"Buffer overflow in ISC DHCP 4.2.x before 4.2.4-P1, when DHCPv6 mode is enabled, allows remote attackers to cause a denial of service (segmentation fault and daemon exit) via a crafted client identifier parameter.",isc,dhcp,MEDIUM,CWE-119,DHCP,Related,Implementation,בעיית מימוש קלאסית של buffer overflow שקשורה להפעלת DHCP. לכן זה implement related,
CVE-2009-0692,CVE-2009-0692,"Stack-based buffer overflow in the script_write_params method in client/dhclient.c in ISC DHCP dhclient 4.1 before 4.1.0p1, 4.0 before 4.0.1p1, 3.1 before 3.1.2p1, 3.0, and 2.0 allows remote DHCP servers to execute arbitrary code via a crafted subnet-mask option.",isc,dhcp,HIGH,CWE-119,DHCP,Related,Implementation,יש בעיה של stackoverflow ואז שרתי DHCP זדוניים יכולים להריץ קוד שהם רוצים. לכן זו בעיית מימוש בגלל שזה stackoverflow והמתכנת היה צריך לדאוג שזה לא יהיה. זה קשור באופן ישיר ל-DHCP למרות שכאן הוא התוקף (אז ניתן להניח שהקורבן זה הDHCP client) אבל הקישורים שיש ברפרנסים לא זמינים,
CVE-2008-5010,CVE-2008-5010,"in.dhcpd in the DHCP implementation in Sun Solaris 8 through 10, and OpenSolaris before snv_103, allows remote attackers to cause a denial of service (assertion failure and daemon exit) via unknown DHCP requests related to the ""number of offers,"" aka Bug ID 6713805.",sun,"solaris, opensolaris",HIGH,NVD-CWE-noinfo,DHCP,Related,Implementation,בעיה במימוש שקשורה ל- DHCP. באמצעות שליחת פקטות DHCP מסוג מיוחד התוקף יכול לבצע DOS,
CVE-2006-2372,CVE-2006-2372,"Buffer overflow in the DHCP Client service for Microsoft Windows 2000 SP4, Windows XP SP1 and SP2, and Server 2003 up to SP1 allows remote attackers to execute arbitrary code via a crafted DHCP response.",microsoft,dhcp_client_service,HIGH,CWE-119,DHCP,Related,Implementation,בעיית מימוש ב-DHCP client שגורמת ל-bufferoverflow ולכן זה related ל-DHCP,
CVE-2004-0661,CVE-2004-0661,"Integer signedness error in D-Link AirPlus DI-614+ running firmware 2.30 and earlier allows remote attackers to cause a denial of service (IP lease depletion) via a DHCP request with the LEASETIME option set to -1, which makes the DHCP lease valid for thirteen or more years.",d-link,"di-614\+, di-624, di-604",MEDIUM,NVD-CWE-Other,DHCP,Related,Implementation,שגיאת מימוש שכן יש לנו שגיאה בחתימה. הניצול הוא באמצעות שאילתת DHCP עם אפשרות LEASETIME מוגדרת ל-1 ולכן זה related,
