CVE-ID,NVD-Link,Description,Vendor,Software,Severity,CWE-ID,Protocol,Relation,Origin,Reasoning,Unnamed: 2
CVE-2000-0636,CVE-2000-0636,HP JetDirect printers versions G.08.20 and H.08.20 and earlier allow remote attackers to cause a denial of service via a malformed FTP quote command.,hp,jetdirect,MEDIUM,NVD-CWE-Other,FTP,Related,Implementation,"Improperly implemented, the vulnerability results from poor handling of an input command that is not properly checked by the printers, so a malicious command can lead to DOS. It directly involves the operation of the FTP protocol and is a result of improper handling of FTP requests.",
CVE-2012-2532,CVE-2012-2532,"Microsoft FTP Service 7.0 and 7.5 for Internet Information Services (IIS) processes unspecified commands before TLS is enabled for a session, which allows remote attackers to obtain sensitive information by reading the replies to these commands, aka ""FTP Command Injection Vulnerability.""",microsoft,"windows_7, windows_server_2008, ftp_service, windows_vista",MEDIUM,CWE-200,FTP,Related,Logic,"Logic flaw, This vulnerability in Microsoft's FTP Service allows sensitive information disclosure by processing commands before TLS is enabled, leveraging a conceptual weakness in the FTP protocol. (Can lead to Session Hijacking, Command Injection Pre-TLS, Information Disclosure).",
CVE-2002-0713,CVE-2002-0713,"Buffer overflows in Squid before 2.4.STABLE6 allow remote attackers to cause a denial of service (crash) and possibly execute arbitrary code (1) via the MSNT auth helper (msnt_auth) when using denyusers or allowusers files, (2) via the gopher client, or (3) via the FTP server directory listing parser when HTML output is generated.",squid,squid,HIGH,NVD-CWE-Other,FTP,Related,Implementation,"incorrect implementation, incorrect handling of FTP data, leading to buffer overflow vulnerabilities (allowing DOS or arbitrary code execution). It directly related to FTP protocol. ",
CVE-2007-2587,CVE-2007-2587,The IOS FTP Server in Cisco IOS 11.3 through 12.4 allows remote authenticated users to cause a denial of service (IOS reload) via unspecified vectors involving transferring files (aka bug ID CSCse29244).,cisco,ios,MEDIUM,NVD-CWE-noinfo,FTP,Related,Implementation,Denial of service vulnerability in Cisco IOS FTP server due to unspecified vectors involving file transfers. This flaw directly involves the operation of the FTP protocol Therefor It's related this protocol.,
CVE-2009-1592,CVE-2009-1592,Stack-based buffer overflow in ElectraSoft 32bit FTP 09.04.24 allows remote FTP servers to execute arbitrary code via a long banner.  NOTE: this might overlap CVE-2003-1368.,electrasoft,32bit_ftp,HIGH,CWE-119,FTP,Related,Implementation,"Incorrect implementation, stack-based buffer overflow in ElectraSoft's FTP client due to a long banner from remote FTP servers (allowing arbitrary code execution). This flaw directly involves the operation of the FTP protocol therefor It's related to this protocol.",
CVE-2020-10808,CVE-2020-10808,"Vesta Control Panel (VestaCP) through 0.9.8-26 allows Command Injection via the schedule/backup Backup Listing Endpoint. The attacker must be able to create a crafted filename on the server, as demonstrated by an FTP session that renames .bash_logout to a .bash_logout' substring followed by shell metacharacters.",vestacp,vesta_control_panel,HIGH,CWE-78,FTP,Dependent,Implementation,"allows Command injection, exploits the vulnerability by using an FTP session to rename a file",
CVE-2002-1244,CVE-2002-1244,"Format string vulnerability in Pablo FTP Server 1.5, 1.3, and possibly other versions, allows remote attackers to cause a denial of service and possibly execute arbitrary code via format strings in the USER command.",pablo_software_solutions,pablo_ftp_server,HIGH,NVD-CWE-Other,FTP,Related,Implementation,"the Format String Vulnerability affects the Pablo FTP Server, which is an FTP (File Transfer Protocol) server software.",
CVE-2007-2587,CVE-2007-2587,The IOS FTP Server in Cisco IOS 11.3 through 12.4 allows remote authenticated users to cause a denial of service (IOS reload) via unspecified vectors involving transferring files (aka bug ID CSCse29244).,cisco,ios,MEDIUM,NVD-CWE-noinfo,FTP,Related,Implementation,The FTP server allows remote authenticated users to cause a denial of service via unspecified vectors involving transferring files,
CVE-2000-0636,CVE-2000-0636,HP JetDirect printers versions G.08.20 and H.08.20 and earlier allow remote attackers to cause a denial of service via a malformed FTP quote command.,hp,jetdirect,MEDIUM,NVD-CWE-Other,FTP,Related,Implementation,using FTP quote command to create dos attack,
