CVE-ID,NVD-Link,Description,Vendor,Software,Severity,CWE-ID,Protocol,Relation,Origin,Reasoning,Unnamed: 2,ChatGPT_Response
CVE-2017-11779,CVE-2017-11779,"The Microsoft Windows Domain Name System (DNS) DNSAPI.dll on Microsoft Windows 8.1, Windows Server 2012 R2, Windows RT 8.1, Windows 10 Gold, 1511, 1607, and 1703, and Windows Server 2016 allows a remote code execution vulnerability when it fails to properly handle DNS responses, aka ""Windows DNSAPI Remote Code Execution Vulnerability"".",microsoft,"windows_server_2016, windows_server_2012, windows_8.1, windows_rt_8.1, windows_10",HIGH,NVD-CWE-noinfo,DNS,Related,Logic,"The vulnerability directly affects the core functionality of the DNS protocol, indicating a design flaw in how DNS requests are processed.",,"DNS. The vulnerability in question involves the Microsoft Windows Domain Name System (DNS) DNSAPI.dll, which is used for DNS resolution in Windows operating systems. This vulnerability allows for remote code execution when DNS responses are not properly handled. Therefore, the protocol that applies to this CVE is DNS. (DNS)"
CVE-2010-1911,CVE-2010-1911,"The site-locking implementation in the SdcWebSecureBase interface in tgctlcm.dll in Consona Live Assistance, Dynamic Agent, and Subscriber Assistance relies on a list of server domain names to restrict execution of ActiveX controls, which makes it easier for man-in-the-middle attackers to execute arbitrary code via a DNS hijacking attack.",consona,"consona_live_assistance, consona_subscriber_assistance, consona_dynamic_agent",HIGH,CWE-310,DNS,Related,Implementation,"The vulnerability directly affects DNS operation due to improper handling of DNS requests by the server, indicating an implementation flaw.",,"DNS

This CVE involves a vulnerability in the Microsoft Windows Domain Name System (DNS) DNSAPI.dll, which is responsible for handling DNS responses. The vulnerability allows for remote code execution, making it a DNS protocol issue. Additionally, the description mentions a DNS hijacking attack, further confirming that the protocol involved in this CVE is DNS. DNS."
CVE-2015-0633,CVE-2015-0633,"The Integrated Management Controller (IMC) in Cisco Unified Computing System (UCS) 1.4(7h) and earlier on C-Series servers allows remote attackers to bypass intended access restrictions by sending crafted DHCP response packets on the local network, aka Bug ID CSCuf52876.",cisco,"c220_m4, c250_m2, c250_m1, c200_m1, c460_m2, c460_m1, c240_m4, c24_m3, c200_m2, c3160, unified_computing_system, c240_m3, c22_m3, c420_m2, c260_m2, c220_m3, c460_m4, c420_m3, c210_m2",MEDIUM,CWE-20,DHCP,Related,Logic,"The vulnerability is inherent in the design of the DHCP protocol, leading to potential exploitation through its logic.",,"DNS

This CVE involves a remote code execution vulnerability in the Microsoft Windows DNSAPI.dll, which is related to the Domain Name System (DNS) protocol. By failing to properly handle DNS responses, attackers can exploit this vulnerability to execute arbitrary code. Additionally, the description mentions a DNS hijacking attack, further emphasizing the relevance of the DNS protocol in this CVE. Therefore, the protocol that best applies to this CVE is DNS."
CVE-2017-14429,CVE-2017-14429,"The DHCP client on D-Link DIR-850L REV. A (with firmware through FW114WWb07_h2ab_beta1) and REV. B (with firmware through FW208WWb02) devices allows unauthenticated remote code execution as root because /etc/services/INET/inet_ipv4.php mishandles shell metacharacters, affecting generated files such as WAN-1-udhcpc.sh.","d-link, dlink","dir-850l, dir-850l_firmware",CRITICAL,CWE-78,DHCP,Related,Logic,"The vulnerability is inherent in the design of the DHCP protocol, leading to potential exploitation through its logic.",,"DNS - The vulnerability described in the CVE involves a remote code execution vulnerability within the Microsoft Windows Domain Name System (DNS), specifically in the DNSAPI.dll. The issue arises when the system fails to properly handle DNS responses. This vulnerability allows attackers to execute arbitrary code, making it a DNS protocol issue.  DNS."
CVE-2007-1692,CVE-2007-1692,"The default configuration of Microsoft Windows uses the Web Proxy Autodiscovery Protocol (WPAD) without static WPAD entries, which might allow remote attackers to intercept web traffic by registering a proxy server using WINS or DNS, then responding to WPAD requests, as demonstrated using Internet Explorer.  NOTE: it could be argued that if an attacker already has control over WINS/DNS, then web traffic could already be intercepted by modifying WINS or DNS records, so this would not cross privilege boundaries and would not be a vulnerability.  It has also been reported that DHCP is an alternate attack vector.",microsoft,"windows_2000, windows_2003_server",HIGH,CWE-16,DNS,Related,Logic,"The vulnerability directly affects the core functionality of the DNS protocol, indicating a design flaw in how DNS requests are processed.",,"DNS

The CVE described involves a vulnerability in the Microsoft Windows Domain Name System (DNS) DNSAPI.dll, which allows for remote code execution due to improper handling of DNS responses. The vulnerability revolves around DNS, making it the most suitable protocol to choose. DNS."
CVE-2003-1581,CVE-2003-1581,"The Apache HTTP Server 2.0.44, when DNS resolution is enabled for client IP addresses, allows remote attackers to inject arbitrary text into log files via an HTTP request in conjunction with a crafted DNS response, as demonstrated by injecting XSS sequences, related to an ""Inverse Lookup Log Corruption (ILLC)"" issue.",apache,http_server,LOW,CWE-79,DNS,Related,Logic,"The vulnerability directly affects the core functionality of the DNS protocol, indicating a design flaw in how DNS requests are processed.",,"DNS - The CVE description specifically mentions a vulnerability in the Microsoft Windows Domain Name System (DNS) DNSAPI.dll, indicating that the vulnerability is related to DNS. The vulnerability allows remote code execution due to improper handling of DNS responses. This is a DNS protocol vulnerability. DNS."
CVE-2013-5661,CVE-2013-5661,Cache Poisoning issue exists in DNS Response Rate Limiting.,"redhat, isc, nlnetlabs, nic","enterprise_linux, bind, knot_resolver, nsd",MEDIUM,CWE-290,DNS,Related,Logic,"The vulnerability directly affects the core functionality of the DNS protocol, indicating a design flaw in how DNS requests are processed.",,"DNS

The CVE described a vulnerability related to the Domain Name System (DNS) on Microsoft Windows, where it fails to properly handle DNS responses. This vulnerability allows for remote code execution. Additionally, the description mentions a DNS hijacking attack. Considering all these points, the best protocol that applies to this CVE is DNS."
CVE-2021-34737,CVE-2021-34737,"A vulnerability in the DHCP version 4 (DHCPv4) server feature of Cisco IOS XR Software could allow an unauthenticated, remote attacker to trigger a crash of the dhcpd process, resulting in a denial of service (DoS) condition. This vulnerability exists because certain DHCPv4 messages are improperly validated when they are processed by an affected device. An attacker could exploit this vulnerability by sending a malformed DHCPv4 message to an affected device. A successful exploit could allow the attacker to cause a NULL pointer dereference, resulting in a crash of the dhcpd process. While the dhcpd process is restarting, which may take up to approximately two minutes, DHCPv4 server services are unavailable on the affected device. This could temporarily prevent network access to clients that join the network during that time period. Note: Only the dhcpd process crashes and eventually restarts automatically. The router does not reload.",cisco,"asr_9001, asr_9906, ncs_5516, ncs_560-4, ncs540x-16z4g8q2c-d, ncs540-12z20g-sys-d, ncs_5508, ios_xrv_9000, ncs540-24z8q2c-sys, ncs_5501, ncs_5001, ncs_560-7, asr_9910, ncs540x-acc-sys, asr_9902, ncs540-28z4c-sys-d, ios_xr, ncs540-24z8q2c-m, asr_9901, ncs540-acc-sys, ncs_5502-se, ncs_5501-se, asr_9904, ncs_5502, asr_9006, ncs_5011, asr_9912, asr_9922, ncs540-28z4c-sys-a, ncs540x-12z16g-sys-a, asr_9010, ncs540-12z20g-sys-a, asr_9903, ncs540x-16z4g8q2c-a, ncs_5002, asr_9000v-v2, ncs540x-12z16g-sys-d",HIGH,CWE-476,DHCP,Related,Implementation,"The vulnerability directly affects DHCP operation due to improper handling of DHCP requests by the server, indicating an implementation flaw.",,"DNS

The CVE described in the question specifically mentions a vulnerability in the Microsoft Windows Domain Name System (DNS) DNSAPI.dll, which is used for handling DNS responses. Additionally, the description includes references to DNS hijacking attacks and DNS resolution enabling for client IP addresses. Therefore, the protocol that applies to this CVE is DNS."
CVE-2020-25685,CVE-2020-25685,"A flaw was found in dnsmasq before version 2.83. When getting a reply from a forwarded query, dnsmasq checks in forward.c:reply_query(), which is the forwarded query that matches the reply, by only using a weak hash of the query name. Due to the weak hash (CRC32 when dnsmasq is compiled without DNSSEC, SHA-1 when it is) this flaw allows an off-path attacker to find several different domains all having the same hash, substantially reducing the number of attempts they would have to perform to forge a reply and get it accepted by dnsmasq. This is in contrast with RFC5452, which specifies that the query name is one of the attributes of a query that must be used to match a reply. This flaw could be abused to perform a DNS Cache Poisoning attack. If chained with CVE-2020-25684 the attack complexity of a successful attack is reduced. The highest threat from this vulnerability is to data integrity.","thekelleys, fedoraproject, arista, debian","eos, debian_linux, fedora, dnsmasq",LOW,CWE-358,DNS,Related,Logic,"The vulnerability directly affects the core functionality of the DNS protocol, indicating a design flaw in how DNS requests are processed.",,"DNS

The protocol that applies to this CVE is DNS because the vulnerability is related to the Microsoft Windows Domain Name System (DNS) DNSAPI.dll, which allows for remote code execution when DNS responses are not handled properly. The vulnerability involves the potential for a DNS hijacking attack, demonstrating the importance of the DNS protocol in this context."
CVE-2015-7282,CVE-2015-7282,"ReadyNet WRT300N-DD devices with firmware 1.0.26 use the same source port number for every DNS query, which makes it easier for remote attackers to spoof responses by selecting that number for the destination port.",readynet_solutions,"wrt300n-dd_firmware, wrt300n-dd",MEDIUM,CWE-20,DNS,Related,Logic,"The vulnerability directly affects the core functionality of the DNS protocol, indicating a design flaw in how DNS requests are processed.",,"DNS: The Microsoft Windows Domain Name System (DNS) DNSAPI.dll on Microsoft Windows 8.1, Windows Server 2012 R2, Windows RT 8.1, Windows 10 Gold, 1511, 1607, and 1703, and Windows Server 2016 allows a remote code execution vulnerability when it fails to properly handle DNS responses, aka ""Windows DNSAPI Remote Code Execution Vulnerability"". The site-locking implementation in the SdcWebSecureBase interface in tgctlcm.dll in Consona Live Assistance, Dynamic Agent, and Subscriber Assistance relies on a list of server domain names to restrict execution of ActiveX controls, which makes it easier for man-in-the-middle attackers to execute arbitrary code via a DNS hijacking attack. The Integrated Management Controller (IMC) in Cisco Unified Computing System (UCS) 1.4(7h) and earlier on C-Series servers allows remote attackers to bypass intended access restrictions by sending crafted DHCP response packets on the local network, aka Bug ID CSCuf52876. The DHCP client on D-Link DIR-850L REV. A (with firmware through FW114WWb07_h2ab_beta1) and REV. B (with firmware through FW208WWb02) devices allows unauthenticated remote code execution as root because /etc/services/INET/inet_ipv4.php mishandles shell metacharacters, affecting generated files such as WAN-1-udhcpc.sh. The default configuration of Microsoft Windows uses the Web Proxy Autodiscovery Protocol (WPAD) without static WPAD entries, which might allow remote attackers to intercept web traffic by registering a proxy server using WINS or DNS, then responding to WPAD requests, as demonstrated using Internet Explorer.  It has also been reported that DHCP is an alternate attack vector. Cache Poisoning issue exists in DNS Response Rate Limiting. A flaw was found in dnsmasq before version 2.83. When getting a reply from a forwarded query, dnsmasq checks in forward.c:reply_query(), which is the forwarded query that matches the reply, by only using a weak hash of the query name. Due to the weak hash (CRC32 when dnsmasq is compiled without DNSSEC, SHA-1 when it is) this flaw allows an off-path attacker to find several different domains all having the same hash, substantially reducing the number of attempts they would have to perform to forge a reply and get it accepted by dnsmasq. This is in contrast with RFC5452, which specifies that the query name is one of the attributes of a query that must be used to match a reply. This flaw could be abused to perform a DNS Cache Poisoning attack. If chained with CVE-2020-25684 the attack complexity of a successful attack is reduced. The highest threat from this vulnerability is to data integrity. (DNS)"
CVE-2007-5375,CVE-2007-5375,"Interpretation conflict in the Sun Java Virtual Machine (JVM) allows user-assisted remote attackers to conduct a multi-pin DNS rebinding attack and execute arbitrary JavaScript in an intranet context, when an intranet web server has an HTML document that references a ""mayscript=true"" Java applet through a local relative URI, which may be associated with different IP addresses by the browser and the JVM.",sun,java_virtual_machine,LOW,"CWE-16, CWE-20",DNS,Related,Logic,"The vulnerability directly affects the core functionality of the DNS protocol, indicating a design flaw in how DNS requests are processed.",,"DNS - This CVE specifically mentions vulnerabilities in the Windows DNSAPI.dll, which is related to the Domain Name System (DNS). This vulnerability allows for remote code execution due to improper handling of DNS responses. The correct protocol is DNS."
CVE-2020-27861,CVE-2020-27861,This vulnerability allows network-adjacent attackers to execute arbitrary code on affected installations of NETGEAR Orbi 2.5.1.16 routers. Authentication is not required to exploit this vulnerability. The specific flaw exists within the UA_Parser utility. A crafted Host Name option in a DHCP request can trigger execution of a system call composed from a user-supplied string. An attacker can leverage this vulnerability to execute code in the context of root. Was ZDI-CAN-11076.,netgear,"rbk20, rbk20w_firmware, rbk15_firmware, ex6200_firmware, rbk33, rbk13_firmware, cbr40_firmware, rbr20, rbk43_router_firmware, rbs50_firmware, ex8000, rbk22_satellite_firmware, rbk52w_firmware, rbk43_satellite_firmware, rbr40, rbk23w, rbs10, rbr40_firmware, rbk30, rbk12_firmware, cbr40, rbs20_firmware, rbk43s_satellite_firmware, cbk40_firmware, rbr20_firmware, rbk40_router_firmware, rbk43s_router_firmware, rbk44_router_firmware, rbk14, rbk30_firmware, cbk40, rbk44, rbk43, rbr10_firmware, rbk13, rbk44_satellite_firmware, ex6200, rbk52w, rbs40_firmware, rbk50_firmware, rbk14_firmware, rbk50, rbk22_router_firmware, rbk23_router_firmware, rbr50, rbk23_satellite_firmware, rbk33_firmware, rbs50, ex7700_firmware, rbk40_satellite_firmware, rbk40, rbk20w, rbk20_satellite_firmware, rbk22, rbk23, ex7700, rbr50_firmware, rbk23w_firmware, cbk43_firmware, rbs20, rbk50v, ex8000_firmware, rbk20_router_firmware, rbk43s, rbk15, rbs10_firmware, rbr10, rbk50v_firmware, rbk12, cbk43, rbs40",HIGH,CWE-78,DHCP,Related,Logic,"The vulnerability is inherent in the design of the DHCP protocol, leading to potential exploitation through its logic.",,"DNS

This CVE describes a remote code execution vulnerability in Microsoft Windows DNSAPI.dll related to handling DNS responses, as well as a vulnerability in Cisco Integrated Management Controller related to DHCP response packets. Additionally, it mentions a scenario where attackers could intercept web traffic by manipulating DNS, indicating a DNS-related attack vector. Finally, a flaw in dnsmasq could be abused to perform a DNS Cache Poisoning attack. Therefore, the best protocol that applies to this CVE is DNS."
CVE-2018-0055,CVE-2018-0055,"Receipt of a specially crafted DHCPv6 message destined to a Junos OS device configured as a DHCP server in a Broadband Edge (BBE) environment may result in a jdhcpd daemon crash. The daemon automatically restarts without intervention, but a continuous receipt of crafted DHCPv6 packets could leaded to an extended denial of service condition. This issue only affects Junos OS 15.1 and later. Earlier releases are unaffected by this issue. Devices are only vulnerable to the specially crafted DHCPv6 message if DHCP services are configured. Devices not configured to act as a DHCP server are not vulnerable to this issue. Affected releases are Juniper Networks Junos OS: 15.1 versions prior to 15.1R7-S2; 15.1X49 versions prior to 15.1X49-D160; 15.1X53 versions prior to 15.1X53-D235, 15.1X53-D495; 16.1 versions prior to 16.1R4-S11, 16.1R6-S6, 16.1R7-S2; 16.2 versions prior to 16.2R2-S7; 17.1 versions prior to 17.1R2-S9; 17.2 versions prior to 17.2R2-S6; 17.3 versions prior to 17.3R3-S1; 17.4 versions prior to 17.4R1-S5; 18.1 versions prior to 18.1R2-S3; 18.2 versions prior to 18.2R1-S2; 18.2X75 versions prior to 18.2X75-D20.",juniper,junos,MEDIUM,CWE-20,DHCP,Related,Logic,"The vulnerability is inherent in the design of the DHCP protocol, leading to potential exploitation through its logic.",,"DNS. This CVE refers to a vulnerability in the Microsoft Windows Domain Name System (DNS) DNSAPI.dll, which allows for remote code execution when failing to properly handle DNS responses. Additionally, the vulnerability in Apache HTTP Server allows remote attackers to inject arbitrary text through crafted DNS responses, demonstrating a DNS-related issue. The cache poisoning issue and DNS Cache Poisoning attack also relate to DNS vulnerabilities. Finally, the flaw in dnsmasq before version 2.83 allows for DNS Cache Poisoning attack, emphasizing the DNS protocol."
CVE-2018-1658,CVE-2018-1658,"IBM Jazz Foundation (IBM Rational Collaborative Lifecycle Management 5.0 through 6.0.6) is vulnerable to HTTP header injection, caused by improper validation of input. By persuading a victim to visit a specially-crafted Web page, a remote attacker could exploit this vulnerability to inject arbitrary HTTP headers, which will allow the attacker to conduct various attacks against the vulnerable system, including cross-site scripting, cache poisoning or session hijacking. IBM X-Force ID: 144884.",ibm,rational_collaborative_lifecycle_management,MEDIUM,CWE-20,,Unrelated,Implementation,The vulnerability does not involve DNS or DHCP and stems from an implementation issue.,,"DNS- The vulnerability described in the CVE specifically involves the Microsoft Windows Domain Name System (DNS) DNSAPI.dll, which allows for remote code execution due to improper handling of DNS responses. The last word in the response is the correct protocol, DNS."
CVE-2018-0057,CVE-2018-0057,"On MX Series and M120/M320 platforms configured in a Broadband Edge (BBE) environment, subscribers logging in with DHCP Option 50 to request a specific IP address will be assigned the requested IP address, even if there is a static MAC to IP address binding in the access profile. In the problem scenario, with a hardware-address and IP address configured under address-assignment pool, if a subscriber logging in with DHCP Option 50, the subscriber will not be assigned an available address from the matched pool, but will still get the requested IP address. A malicious DHCP subscriber may be able to utilize this vulnerability to create duplicate IP address assignments, leading to a denial of service for valid subscribers or unauthorized information disclosure via IP address assignment spoofing. Affected releases are Juniper Networks Junos OS: 15.1 versions prior to 15.1R7-S2, 15.1R8; 16.1 versions prior to 16.1R4-S12, 16.1R7-S2, 16.1R8; 16.2 versions prior to 16.2R2-S7, 16.2R3; 17.1 versions prior to 17.1R2-S9, 17.1R3; 17.2 versions prior to 17.2R1-S7, 17.2R2-S6, 17.2R3; 17.3 versions prior to 17.3R2-S4, 17.3R3; 17.4 versions prior to 17.4R2; 18.1 versions prior to 18.1R2-S3, 18.1R3.",juniper,junos,CRITICAL,NVD-CWE-noinfo,DHCP,Related,Logic,"The vulnerability is inherent in the design of the DHCP protocol, leading to potential exploitation through its logic.",,"DNS is the protocol that applies best to CVE-2017-11779. The vulnerability described in the CVE involves remote code execution in Microsoft Windows DNSAPI.dll due to improper handling of DNS responses, which falls under the domain of DNS (Domain Name System)."
CVE-2019-12264,CVE-2019-12264,"Wind River VxWorks 6.6, 6.7, 6.8, 6.9.3, 6.9.4, and Vx7 has Incorrect Access Control in IPv4 assignment by the ipdhcpc DHCP client component.","windriver, siemens, belden","hirschmann_dragon_mach4000, ruggedcom_win7200_firmware, hirschmann_eesx30, garrettcom_magnum_dx940e_firmware, ruggedcom_win7000, hirschmann_octopus_os3, hirschmann_rsp20, hirschmann_msp32, ruggedcom_win7018_firmware, hirschmann_rspe32, ruggedcom_win7000_firmware, hirschmann_msp40, hirschmann_grs1020, hirschmann_rspe35, hirschmann_grs1142, hirschmann_ees25, hirschmann_red25, hirschmann_grs1130, ruggedcom_win7025, hirschmann_rspe30, ruggedcom_win7025_firmware, hirschmann_rsp25, hirschmann_rail_switch_power_lite, ruggedcom_win7200, hirschmann_msp30, garrettcom_magnum_dx940e, hirschmann_eagle_one, hirschmann_ees20, hirschmann_rail_switch_power_smart, vxworks, hirschmann_grs1042, hirschmann_rsp35, hirschmann_dragon_mach4500, hirschmann_rsp30, hirschmann_rspe37, hirschmann_eagle20, hirschmann_eagle30, hirschmann_grs1030, ruggedcom_win7018, hirschmann_grs1120, hirschmann_eesx20, hirschmann_hios",HIGH,CWE-88,DHCP,Related,Logic,"The vulnerability is inherent in the design of the DHCP protocol, leading to potential exploitation through its logic.",,"DNS - The CVE described is related to Microsoft Windows Domain Name System (DNS), specifically handling DNS responses. This vulnerability allows for remote code execution and is directly related to DNS operations."
CVE-2019-12513,CVE-2019-12513,"In NETGEAR Nighthawk X10-R900 prior to 1.0.4.24, by sending a DHCP discover request containing a malicious hostname field, an attacker may execute stored XSS attacks against this device. When the malicious DHCP request is received, the device will generate a log entry containing the malicious hostname. This log entry may then be viewed at Advanced settings->Administration->Logs to trigger the exploit. Although this value is inserted into a textarea tag, converted to all-caps, and limited in length, attacks are still possible.",netgear,"nighthawk_x10-r9000_firmware, nighthawk_x10-r9000",MEDIUM,CWE-79,DHCP,Related,Logic,"The vulnerability is inherent in the design of the DHCP protocol, leading to potential exploitation through its logic.",,"DNS. The CVE described involves a remote code execution vulnerability in the Microsoft Windows Domain Name System (DNS) DNSAPI.dll, specifically related to handling DNS responses. This vulnerability allows attackers to execute arbitrary code by exploiting the DNS protocol."
CVE-2020-5753,CVE-2020-5753,Signal Private Messenger Android v4.59.0 and up and iOS v3.8.1.5 and up allows a remote non-contact to ring a victim's Signal phone and disclose currently used DNS server due to ICE Candidate handling before call is answered or declined.,signal,"signal, private_messenger",MEDIUM,CWE-670,DNS,Related,Logic,"The vulnerability directly affects the core functionality of the DNS protocol, indicating a design flaw in how DNS requests are processed.",,"DNS: The CVE mentioned ""Microsoft Windows Domain Name System (DNS) DNSAPI.dll"" and ""Crafted DHCP response packets,"" making it clear that DNS is the relevant protocol for this vulnerability."
CVE-2015-1349,CVE-2015-1349,"named in ISC BIND 9.7.0 through 9.9.6 before 9.9.6-P2 and 9.10.x before 9.10.1-P2, when DNSSEC validation and the managed-keys feature are enabled, allows remote attackers to cause a denial of service (assertion failure and daemon exit, or daemon crash) by triggering an incorrect trust-anchor management scenario in which no key is ready for use.",isc,bind,MEDIUM,CWE-399,DNS,Related,Logic,"The vulnerability directly affects the core functionality of the DNS protocol, indicating a design flaw in how DNS requests are processed.",,"DNS. This CVE is related to a vulnerability in the Microsoft Windows Domain Name System (DNS) DNSAPI.dll which allows for remote code execution. The issue is specifically related to how DNS responses are handled, making it vulnerable to attacks. The protocol in question is DNS."
CVE-2013-5218,CVE-2013-5218,"Cross-site scripting (XSS) vulnerability on the HOT HOTBOX router with software 2.1.11 allows remote attackers to inject arbitrary web script or HTML via a crafted DHCP Host Name option, which is not properly handled during rendering of the DHCP table in wlanAccess.asp.",hot,"hotbox_router_firmware, hotbox_router",LOW,CWE-79,DHCP,Related,Logic,"The vulnerability is inherent in the design of the DHCP protocol, leading to potential exploitation through its logic.",,DNS. The CVE description specifically mentions that the vulnerability in question is related to the Microsoft Windows Domain Name System (DNS) DNSAPI.dll. This vulnerability allows for remote code execution due to improper handling of DNS responses. The last word in this response is DNS.
CVE-2009-4630,CVE-2009-4630,"Mozilla Necko, as used in Firefox, SeaMonkey, and other applications, performs DNS prefetching of domain names contained in links within local HTML documents, which makes it easier for remote attackers to determine the network location of the application's user by logging DNS requests.  NOTE: the vendor disputes the significance of this issue, stating ""I don't think we necessarily need to worry about that case.""",mozilla,"firefox, thunderbird, seamonkey",MEDIUM,CWE-200,DNS,Related,Logic,"The vulnerability directly affects the core functionality of the DNS protocol, indicating a design flaw in how DNS requests are processed.",,"DNS

This CVE describes a vulnerability in the Microsoft Windows DNSAPI.dll, which is the Domain Name System (DNS) API library. The vulnerability allows for remote code execution when DNS responses are not handled properly. Therefore, the protocol that best applies to this CVE is DNS."
CVE-2009-0025,CVE-2009-0025,"BIND 9.6.0, 9.5.1, 9.5.0, 9.4.3, and earlier does not properly check the return value from the OpenSSL DSA_verify function, which allows remote attackers to bypass validation of the certificate chain via a malformed SSL/TLS signature, a similar vulnerability to CVE-2008-5077.",isc,bind,MEDIUM,CWE-287,,Unrelated,Implementation,The vulnerability does not involve DNS or DHCP and stems from an implementation issue.,,DNS - This CVE is related to a vulnerability in the Microsoft Windows Domain Name System (DNS) DNSAPI.dll. The vulnerability allows remote code execution when DNS responses are not handled properly. This is a DNS-related vulnerability.
CVE-2021-31702,CVE-2021-31702,"Frontier ichris through 5.18 mishandles making a DNS request for the hostname in the HTTP Host header, as demonstrated by submitting 127.0.0.1 multiple times for DoS.",frontiersoftware,ichris,HIGH,NVD-CWE-noinfo,DNS,Related,Logic,"The vulnerability directly affects the core functionality of the DNS protocol, indicating a design flaw in how DNS requests are processed.",,"DNS: This CVE is related to a vulnerability in the Microsoft Windows Domain Name System (DNS), specifically the DNSAPI.dll on various versions of Windows, which allows remote code execution due to improper handling of DNS responses. This vulnerability falls under the DNS protocol."
CVE-2002-0840,CVE-2002-0840,"Cross-site scripting (XSS) vulnerability in the default error page of Apache 2.0 before 2.0.43, and 1.3.x up to 1.3.26, when UseCanonicalName is ""Off"" and support for wildcard DNS is present, allows remote attackers to execute script as other web page visitors via the Host: header, a different vulnerability than CAN-2002-1157.","oracle, apache","http_server, database_server, oracle8i, application_server, oracle9i",MEDIUM,NVD-CWE-Other,DNS,Related,Logic,"The vulnerability directly affects the core functionality of the DNS protocol, indicating a design flaw in how DNS requests are processed.",,"This CVE pertains to the DNS protocol. The vulnerability specifically involves the handling of DNS responses in the Microsoft Windows DNSAPI.dll. DNS is mentioned multiple times in the description as the vector through which remote code execution can occur, making it the most appropriate protocol for this CVE. DNS"
CVE-2006-2372,CVE-2006-2372,"Buffer overflow in the DHCP Client service for Microsoft Windows 2000 SP4, Windows XP SP1 and SP2, and Server 2003 up to SP1 allows remote attackers to execute arbitrary code via a crafted DHCP response.",microsoft,dhcp_client_service,HIGH,CWE-119,DHCP,Related,Implementation,"The vulnerability is due to a buffer overflow in the implementation of the DHCP Client service, which allows remote attackers to execute arbitrary code via a crafted DHCP response.",,"DNS: The CVE described above involves a vulnerability in the Microsoft Windows Domain Name System (DNS) DNSAPI.dll, which could allow for remote code execution. The vulnerability is related to the handling of DNS responses, making it susceptible to attacks like DNS hijacking. In this case, the most suitable protocol would be DNS."
CVE-2007-4390,CVE-2007-4390,"The Command Line Interface (CLI), aka Adonis Administration Console, on the BlueCat Networks Adonis DNS/DHCP appliance 5.0.2.8 allows local admin users to gain root privileges on the underlying operating system via shell metacharacters in a command.",bluecat_networks,adonis,HIGH,CWE-264,DNS,Related,Implementation,"The vulnerability is due to a buffer overflow in the DHCP Client service for Microsoft Windows, allowing remote attackers to execute arbitrary code via a crafted DHCP response. This indicates an implementation flaw.",,"DNS. The CVE describes a vulnerability in the Microsoft Windows Domain Name System (DNS) DNSAPI.dll, which allows for remote code execution due to improper handling of DNS responses. Additionally, the vulnerability in the Apache HTTP Server, which allows for injection into log files via a crafted DNS response, also points to DNS protocol being the relevant one in this case."
CVE-2020-10772,CVE-2020-10772,"An incomplete fix for CVE-2020-12662 was shipped for Unbound in Red Hat Enterprise Linux 7, as part of erratum RHSA-2020:2414. Vulnerable versions of Unbound could still amplify an incoming query into a large number of queries directed to a target, even with a lower amplification ratio compared to versions of Unbound that shipped before the mentioned erratum. This issue is about the incomplete fix for CVE-2020-12662, and it does not affect upstream versions of Unbound.","nlnetlabs, redhat","enterprise_linux, unbound",HIGH,CWE-400,,Unrelated,Implementation,The vulnerability does not involve DNS or DHCP and stems from an implementation issue.,,"DNS. The CVE specifically states that the vulnerability is related to the Microsoft Windows Domain Name System (DNS) DNSAPI.dll, which is a component of the DNS service. This vulnerability affects the way DNS responses are handled, allowing remote code execution. Therefore, the correct protocol is DNS."
CVE-2020-15136,CVE-2020-15136,"In ectd before versions 3.4.10 and 3.3.23, gateway TLS authentication is only applied to endpoints detected in DNS SRV records. When starting a gateway, TLS authentication will only be attempted on endpoints identified in DNS SRV records for a given domain, which occurs in the discoverEndpoints function. No authentication is performed against endpoints provided in the --endpoints flag. This has been fixed in versions 3.4.10 and 3.3.23 with improved documentation and deprecation of the functionality.","fedoraproject, redhat","etcd, fedora",MEDIUM,CWE-306,DNS,Related,Logic,"The vulnerability directly affects the core functionality of the DNS protocol, indicating a design flaw in how DNS requests are processed.",,"DNS - The vulnerability described in CVE-2017-11779 involves a remote code execution vulnerability in the Microsoft Windows Domain Name System (DNS) API library (DNSAPI.dll). This vulnerability occurs when the DNSAPI.dll fails to properly handle DNS responses, allowing attackers to execute arbitrary code. The last word in this response is 'DNS.'"
CVE-2016-2774,CVE-2016-2774,"ISC DHCP 4.1.x before 4.1-ESV-R13 and 4.2.x and 4.3.x before 4.3.4 does not restrict the number of concurrent TCP sessions, which allows remote attackers to cause a denial of service (INSIST assertion failure or request-processing outage) by establishing many sessions.","canonical, isc, debian","ubuntu_linux, debian_linux, dhcp",MEDIUM,CWE-20,DHCP,Related,Logic,"The vulnerability is inherent in the design of the DHCP protocol, leading to potential exploitation through its logic.",,"DNS

The CVE in question involves a vulnerability in the Microsoft Windows Domain Name System (DNS) DNSAPI.dll, which allows remote code execution due to improper handling of DNS responses. Additionally, the description mentions DNS hijacking attacks and cache poisoning issue in DNS Response Rate Limiting. These instances all point to vulnerabilities directly related to the Domain Name System (DNS), making DNS the appropriate protocol for this CVE. DNS"
CVE-2019-25037,CVE-2019-25037,"** DISPUTED ** Unbound before 1.9.5 allows an assertion failure and denial of service in dname_pkt_copy via an invalid packet. NOTE: The vendor disputes that this is a vulnerability. Although the code may be vulnerable, a running Unbound installation cannot be remotely or locally exploited.","nlnetlabs, debian","debian_linux, unbound",HIGH,CWE-617,,Unrelated,Implementation,The vulnerability does not involve DNS or DHCP and stems from an implementation issue.,,"DNS. This CVE is related to a remote code execution vulnerability in the Microsoft Windows Domain Name System (DNS) DNSAPI.dll, as well as other issues surrounding DNS and DHCP such as DNS hijacking, DNS cache poisoning, DHCP server crashes, and DNS-based attacks. DNS is the correct protocol."
