CVE-ID,NVD-Link,Description,Vendor,Software,Severity,CWE-ID,Protocol,Relation,Origin,Reasoning,Unnamed: 2,ChatGPT_Response
CVE-2017-11779,CVE-2017-11779,"The Microsoft Windows Domain Name System (DNS) DNSAPI.dll on Microsoft Windows 8.1, Windows Server 2012 R2, Windows RT 8.1, Windows 10 Gold, 1511, 1607, and 1703, and Windows Server 2016 allows a remote code execution vulnerability when it fails to properly handle DNS responses, aka ""Windows DNSAPI Remote Code Execution Vulnerability"".",microsoft,"windows_server_2016, windows_server_2012, windows_8.1, windows_rt_8.1, windows_10",HIGH,NVD-CWE-noinfo,DNS,Related,Logic,"The vulnerability directly affects the core functionality of the DNS protocol, indicating a design flaw in how DNS requests are processed.",,"DNS

This vulnerability specifically affects the DNS protocol in Microsoft Windows operating systems. The issue lies within the DNSAPI.dll component, which fails to handle DNS responses properly, potentially allowing remote code execution."
CVE-2010-1911,CVE-2010-1911,"The site-locking implementation in the SdcWebSecureBase interface in tgctlcm.dll in Consona Live Assistance, Dynamic Agent, and Subscriber Assistance relies on a list of server domain names to restrict execution of ActiveX controls, which makes it easier for man-in-the-middle attackers to execute arbitrary code via a DNS hijacking attack.",consona,"consona_live_assistance, consona_subscriber_assistance, consona_dynamic_agent",HIGH,CWE-310,DNS,Related,Implementation,"The vulnerability directly affects DNS operation due to improper handling of DNS requests by the server, indicating an implementation flaw.",,"DNS

This CVE describes a vulnerability in the Microsoft Windows Domain Name System (DNS) DNSAPI.dll, specifically in how it handles DNS responses. The vulnerability allows for remote code execution and affects various versions of Windows operating systems. The vulnerability is related to the DNS protocol."
CVE-2015-0633,CVE-2015-0633,"The Integrated Management Controller (IMC) in Cisco Unified Computing System (UCS) 1.4(7h) and earlier on C-Series servers allows remote attackers to bypass intended access restrictions by sending crafted DHCP response packets on the local network, aka Bug ID CSCuf52876.",cisco,"c220_m4, c250_m2, c250_m1, c200_m1, c460_m2, c460_m1, c240_m4, c24_m3, c200_m2, c3160, unified_computing_system, c240_m3, c22_m3, c420_m2, c260_m2, c220_m3, c460_m4, c420_m3, c210_m2",MEDIUM,CWE-20,DHCP,Related,Logic,"The vulnerability is inherent in the design of the DHCP protocol, leading to potential exploitation through its logic.",,DNS
CVE-2017-14429,CVE-2017-14429,"The DHCP client on D-Link DIR-850L REV. A (with firmware through FW114WWb07_h2ab_beta1) and REV. B (with firmware through FW208WWb02) devices allows unauthenticated remote code execution as root because /etc/services/INET/inet_ipv4.php mishandles shell metacharacters, affecting generated files such as WAN-1-udhcpc.sh.","d-link, dlink","dir-850l, dir-850l_firmware",CRITICAL,CWE-78,DHCP,Related,Logic,"The vulnerability is inherent in the design of the DHCP protocol, leading to potential exploitation through its logic.",,"DNS

The vulnerability described in the CVE is related to the Microsoft Windows Domain Name System (DNS) DNSAPI.dll, where a remote code execution vulnerability exists due to improper handling of DNS responses. This vulnerability is specific to the DNS protocol."
CVE-2007-1692,CVE-2007-1692,"The default configuration of Microsoft Windows uses the Web Proxy Autodiscovery Protocol (WPAD) without static WPAD entries, which might allow remote attackers to intercept web traffic by registering a proxy server using WINS or DNS, then responding to WPAD requests, as demonstrated using Internet Explorer.  NOTE: it could be argued that if an attacker already has control over WINS/DNS, then web traffic could already be intercepted by modifying WINS or DNS records, so this would not cross privilege boundaries and would not be a vulnerability.  It has also been reported that DHCP is an alternate attack vector.",microsoft,"windows_2000, windows_2003_server",HIGH,CWE-16,DNS,Related,Logic,"The vulnerability directly affects the core functionality of the DNS protocol, indicating a design flaw in how DNS requests are processed.",,"DNS

The vulnerability described in this CVE affects the Microsoft Windows Domain Name System (DNS) DNSAPI.dll on various versions of Windows, allowing for remote code execution due to improper handling of DNS responses."
CVE-2003-1581,CVE-2003-1581,"The Apache HTTP Server 2.0.44, when DNS resolution is enabled for client IP addresses, allows remote attackers to inject arbitrary text into log files via an HTTP request in conjunction with a crafted DNS response, as demonstrated by injecting XSS sequences, related to an ""Inverse Lookup Log Corruption (ILLC)"" issue.",apache,http_server,LOW,CWE-79,DNS,Related,Logic,"The vulnerability directly affects the core functionality of the DNS protocol, indicating a design flaw in how DNS requests are processed.",,"DNS

The vulnerability described in the CVE is related to the Microsoft Windows Domain Name System (DNS) DNSAPI.dll implementation, which allows a remote code execution vulnerability. The issue occurs when the DNS responses are not properly handled, leading to the vulnerability."
CVE-2013-5661,CVE-2013-5661,Cache Poisoning issue exists in DNS Response Rate Limiting.,"redhat, isc, nlnetlabs, nic","enterprise_linux, bind, knot_resolver, nsd",MEDIUM,CWE-290,DNS,Related,Logic,"The vulnerability directly affects the core functionality of the DNS protocol, indicating a design flaw in how DNS requests are processed.",,"DNS

The vulnerability described in the CVE affects the Microsoft Windows Domain Name System (DNS) DNSAPI.dll, leading to a remote code execution vulnerability. In addition, one of the attack vectors mentioned involves manipulating DNS responses to execute arbitrary code.

Therefore, the vulnerability discussed in the CVE specifically pertains to the DNS protocol."
CVE-2021-34737,CVE-2021-34737,"A vulnerability in the DHCP version 4 (DHCPv4) server feature of Cisco IOS XR Software could allow an unauthenticated, remote attacker to trigger a crash of the dhcpd process, resulting in a denial of service (DoS) condition. This vulnerability exists because certain DHCPv4 messages are improperly validated when they are processed by an affected device. An attacker could exploit this vulnerability by sending a malformed DHCPv4 message to an affected device. A successful exploit could allow the attacker to cause a NULL pointer dereference, resulting in a crash of the dhcpd process. While the dhcpd process is restarting, which may take up to approximately two minutes, DHCPv4 server services are unavailable on the affected device. This could temporarily prevent network access to clients that join the network during that time period. Note: Only the dhcpd process crashes and eventually restarts automatically. The router does not reload.",cisco,"asr_9001, asr_9906, ncs_5516, ncs_560-4, ncs540x-16z4g8q2c-d, ncs540-12z20g-sys-d, ncs_5508, ios_xrv_9000, ncs540-24z8q2c-sys, ncs_5501, ncs_5001, ncs_560-7, asr_9910, ncs540x-acc-sys, asr_9902, ncs540-28z4c-sys-d, ios_xr, ncs540-24z8q2c-m, asr_9901, ncs540-acc-sys, ncs_5502-se, ncs_5501-se, asr_9904, ncs_5502, asr_9006, ncs_5011, asr_9912, asr_9922, ncs540-28z4c-sys-a, ncs540x-12z16g-sys-a, asr_9010, ncs540-12z20g-sys-a, asr_9903, ncs540x-16z4g8q2c-a, ncs_5002, asr_9000v-v2, ncs540x-12z16g-sys-d",HIGH,CWE-476,DHCP,Related,Implementation,"The vulnerability directly affects DHCP operation due to improper handling of DHCP requests by the server, indicating an implementation flaw.",,DNS
CVE-2020-25685,CVE-2020-25685,"A flaw was found in dnsmasq before version 2.83. When getting a reply from a forwarded query, dnsmasq checks in forward.c:reply_query(), which is the forwarded query that matches the reply, by only using a weak hash of the query name. Due to the weak hash (CRC32 when dnsmasq is compiled without DNSSEC, SHA-1 when it is) this flaw allows an off-path attacker to find several different domains all having the same hash, substantially reducing the number of attempts they would have to perform to forge a reply and get it accepted by dnsmasq. This is in contrast with RFC5452, which specifies that the query name is one of the attributes of a query that must be used to match a reply. This flaw could be abused to perform a DNS Cache Poisoning attack. If chained with CVE-2020-25684 the attack complexity of a successful attack is reduced. The highest threat from this vulnerability is to data integrity.","thekelleys, fedoraproject, arista, debian","eos, debian_linux, fedora, dnsmasq",LOW,CWE-358,DNS,Related,Logic,"The vulnerability directly affects the core functionality of the DNS protocol, indicating a design flaw in how DNS requests are processed.",,"DNS

The CVE describes a vulnerability in the Microsoft Windows Domain Name System (DNS) DNSAPI.dll, where a remote code execution vulnerability arises when it fails to handle DNS responses properly. This vulnerability specifically affects the DNS protocol."
CVE-2015-7282,CVE-2015-7282,"ReadyNet WRT300N-DD devices with firmware 1.0.26 use the same source port number for every DNS query, which makes it easier for remote attackers to spoof responses by selecting that number for the destination port.",readynet_solutions,"wrt300n-dd_firmware, wrt300n-dd",MEDIUM,CWE-20,DNS,Related,Logic,"The vulnerability directly affects the core functionality of the DNS protocol, indicating a design flaw in how DNS requests are processed.",,"DNS

This vulnerability specifically affects the Microsoft Windows Domain Name System (DNS) DNSAPI.dll component, which fails to properly handle DNS responses, leading to a remote code execution vulnerability. This vulnerability is related to the DNS protocol.

none

The vulnerability described in this CVE does not specifically mention any of the specified protocols. It relates to the site-locking implementation in certain software applications' interfaces, which could be exploited via a DNS hijacking attack. 

DHCP

The CVE discusses a vulnerability in the Integrated Management Controller (IMC) in Cisco Unified Computing System (UCS) related to DHCP response packets. Crafted DHCP response packets could be used to bypass access restrictions, highlighting a DHCP protocol vulnerability.

DHCP

This CVE describes a vulnerability in the DHCP client on D-Link DIR-850L devices, which allows unauthenticated remote code execution. The issue stems from mishandling shell metacharacters in the /etc/services/INET/inet_ipv4.php file, impacting files such as WAN-1-udhcpc.sh.

DNS/WPAD

This CVE highlights a potential vulnerability related to the default configuration of Microsoft Windows, which uses the Web Proxy Autodiscovery Protocol (WPAD) without static entries. This could potentially allow attackers to intercept web traffic by registering a proxy server using WINS or DNS, creating a vulnerability related to DNS and WPAD protocols.

DNS

This vulnerability relates to the Apache HTTP Server, where remote attackers could inject arbitrary text into log files via a crafted DNS response. This issue could lead to log corruption and is related to the DNS protocol.

DNS

The CVE describes a cache poisoning issue in DNS Response Rate Limiting, which could potentially be exploited by attackers to manipulate DNS responses and direct users to malicious websites.

DHCP

This vulnerability pertains to a flaw in the DHCP version 4 (DHCPv4) server feature of Cisco IOS XR Software. An unauthenticated, remote attacker could trigger a crash in the dhcpd process, resulting in a denial of service condition. This vulnerability is directly related to the DHCP protocol.

DNS

This vulnerability in dnsmasq before version 2.83 allows for DNS Cache Poisoning attacks. By exploiting a weak hash of the query name, an off-path attacker could forge DNS replies and potentially manipulate DNS responses. This issue is specific to the DNS protocol.

DNS

This vulnerability in ReadyNet WRT300N-DD devices with firmware 1.0.26 highlights a flaw where the same source port number is used for every DNS query. This makes it easier for remote attackers to spoof responses by selecting that specific port number for the destination port, creating a vulnerability related to the DNS protocol."
CVE-2007-5375,CVE-2007-5375,"Interpretation conflict in the Sun Java Virtual Machine (JVM) allows user-assisted remote attackers to conduct a multi-pin DNS rebinding attack and execute arbitrary JavaScript in an intranet context, when an intranet web server has an HTML document that references a ""mayscript=true"" Java applet through a local relative URI, which may be associated with different IP addresses by the browser and the JVM.",sun,java_virtual_machine,LOW,"CWE-16, CWE-20",DNS,Related,Logic,"The vulnerability directly affects the core functionality of the DNS protocol, indicating a design flaw in how DNS requests are processed.",,DNS
CVE-2020-27861,CVE-2020-27861,This vulnerability allows network-adjacent attackers to execute arbitrary code on affected installations of NETGEAR Orbi 2.5.1.16 routers. Authentication is not required to exploit this vulnerability. The specific flaw exists within the UA_Parser utility. A crafted Host Name option in a DHCP request can trigger execution of a system call composed from a user-supplied string. An attacker can leverage this vulnerability to execute code in the context of root. Was ZDI-CAN-11076.,netgear,"rbk20, rbk20w_firmware, rbk15_firmware, ex6200_firmware, rbk33, rbk13_firmware, cbr40_firmware, rbr20, rbk43_router_firmware, rbs50_firmware, ex8000, rbk22_satellite_firmware, rbk52w_firmware, rbk43_satellite_firmware, rbr40, rbk23w, rbs10, rbr40_firmware, rbk30, rbk12_firmware, cbr40, rbs20_firmware, rbk43s_satellite_firmware, cbk40_firmware, rbr20_firmware, rbk40_router_firmware, rbk43s_router_firmware, rbk44_router_firmware, rbk14, rbk30_firmware, cbk40, rbk44, rbk43, rbr10_firmware, rbk13, rbk44_satellite_firmware, ex6200, rbk52w, rbs40_firmware, rbk50_firmware, rbk14_firmware, rbk50, rbk22_router_firmware, rbk23_router_firmware, rbr50, rbk23_satellite_firmware, rbk33_firmware, rbs50, ex7700_firmware, rbk40_satellite_firmware, rbk40, rbk20w, rbk20_satellite_firmware, rbk22, rbk23, ex7700, rbr50_firmware, rbk23w_firmware, cbk43_firmware, rbs20, rbk50v, ex8000_firmware, rbk20_router_firmware, rbk43s, rbk15, rbs10_firmware, rbr10, rbk50v_firmware, rbk12, cbk43, rbs40",HIGH,CWE-78,DHCP,Related,Logic,"The vulnerability is inherent in the design of the DHCP protocol, leading to potential exploitation through its logic.",,DNS
CVE-2018-0055,CVE-2018-0055,"Receipt of a specially crafted DHCPv6 message destined to a Junos OS device configured as a DHCP server in a Broadband Edge (BBE) environment may result in a jdhcpd daemon crash. The daemon automatically restarts without intervention, but a continuous receipt of crafted DHCPv6 packets could leaded to an extended denial of service condition. This issue only affects Junos OS 15.1 and later. Earlier releases are unaffected by this issue. Devices are only vulnerable to the specially crafted DHCPv6 message if DHCP services are configured. Devices not configured to act as a DHCP server are not vulnerable to this issue. Affected releases are Juniper Networks Junos OS: 15.1 versions prior to 15.1R7-S2; 15.1X49 versions prior to 15.1X49-D160; 15.1X53 versions prior to 15.1X53-D235, 15.1X53-D495; 16.1 versions prior to 16.1R4-S11, 16.1R6-S6, 16.1R7-S2; 16.2 versions prior to 16.2R2-S7; 17.1 versions prior to 17.1R2-S9; 17.2 versions prior to 17.2R2-S6; 17.3 versions prior to 17.3R3-S1; 17.4 versions prior to 17.4R1-S5; 18.1 versions prior to 18.1R2-S3; 18.2 versions prior to 18.2R1-S2; 18.2X75 versions prior to 18.2X75-D20.",juniper,junos,MEDIUM,CWE-20,DHCP,Related,Logic,"The vulnerability is inherent in the design of the DHCP protocol, leading to potential exploitation through its logic.",,DNS
CVE-2018-1658,CVE-2018-1658,"IBM Jazz Foundation (IBM Rational Collaborative Lifecycle Management 5.0 through 6.0.6) is vulnerable to HTTP header injection, caused by improper validation of input. By persuading a victim to visit a specially-crafted Web page, a remote attacker could exploit this vulnerability to inject arbitrary HTTP headers, which will allow the attacker to conduct various attacks against the vulnerable system, including cross-site scripting, cache poisoning or session hijacking. IBM X-Force ID: 144884.",ibm,rational_collaborative_lifecycle_management,MEDIUM,CWE-20,,Unrelated,Implementation,The vulnerability does not involve DNS or DHCP and stems from an implementation issue.,,DNS
CVE-2018-0057,CVE-2018-0057,"On MX Series and M120/M320 platforms configured in a Broadband Edge (BBE) environment, subscribers logging in with DHCP Option 50 to request a specific IP address will be assigned the requested IP address, even if there is a static MAC to IP address binding in the access profile. In the problem scenario, with a hardware-address and IP address configured under address-assignment pool, if a subscriber logging in with DHCP Option 50, the subscriber will not be assigned an available address from the matched pool, but will still get the requested IP address. A malicious DHCP subscriber may be able to utilize this vulnerability to create duplicate IP address assignments, leading to a denial of service for valid subscribers or unauthorized information disclosure via IP address assignment spoofing. Affected releases are Juniper Networks Junos OS: 15.1 versions prior to 15.1R7-S2, 15.1R8; 16.1 versions prior to 16.1R4-S12, 16.1R7-S2, 16.1R8; 16.2 versions prior to 16.2R2-S7, 16.2R3; 17.1 versions prior to 17.1R2-S9, 17.1R3; 17.2 versions prior to 17.2R1-S7, 17.2R2-S6, 17.2R3; 17.3 versions prior to 17.3R2-S4, 17.3R3; 17.4 versions prior to 17.4R2; 18.1 versions prior to 18.1R2-S3, 18.1R3.",juniper,junos,CRITICAL,NVD-CWE-noinfo,DHCP,Related,Logic,"The vulnerability is inherent in the design of the DHCP protocol, leading to potential exploitation through its logic.",,DNS
CVE-2019-12264,CVE-2019-12264,"Wind River VxWorks 6.6, 6.7, 6.8, 6.9.3, 6.9.4, and Vx7 has Incorrect Access Control in IPv4 assignment by the ipdhcpc DHCP client component.","windriver, siemens, belden","hirschmann_dragon_mach4000, ruggedcom_win7200_firmware, hirschmann_eesx30, garrettcom_magnum_dx940e_firmware, ruggedcom_win7000, hirschmann_octopus_os3, hirschmann_rsp20, hirschmann_msp32, ruggedcom_win7018_firmware, hirschmann_rspe32, ruggedcom_win7000_firmware, hirschmann_msp40, hirschmann_grs1020, hirschmann_rspe35, hirschmann_grs1142, hirschmann_ees25, hirschmann_red25, hirschmann_grs1130, ruggedcom_win7025, hirschmann_rspe30, ruggedcom_win7025_firmware, hirschmann_rsp25, hirschmann_rail_switch_power_lite, ruggedcom_win7200, hirschmann_msp30, garrettcom_magnum_dx940e, hirschmann_eagle_one, hirschmann_ees20, hirschmann_rail_switch_power_smart, vxworks, hirschmann_grs1042, hirschmann_rsp35, hirschmann_dragon_mach4500, hirschmann_rsp30, hirschmann_rspe37, hirschmann_eagle20, hirschmann_eagle30, hirschmann_grs1030, ruggedcom_win7018, hirschmann_grs1120, hirschmann_eesx20, hirschmann_hios",HIGH,CWE-88,DHCP,Related,Logic,"The vulnerability is inherent in the design of the DHCP protocol, leading to potential exploitation through its logic.",,"DNS, DHCP

The first description mentions a vulnerability in the Microsoft Windows Domain Name System (DNS) DNSAPI.dll, affecting Windows operating systems. The second description talks about an issue in the SdcWebSecureBase interface using a list of server domain names to restrict execution of ActiveX controls, which can be exploited through DNS hijacking attacks. The third description refers to a flaw in the Cisco Unified Computing System (UCS) related to crafting DHCP response packets. The fourth description highlights a vulnerability in the D-Link DIR-850L devices related to the DHCP client. The last description details a vulnerability in the DHCP version 4 (DHCPv4) server feature of Cisco IOS XR Software. These vulnerabilities are associated with DNS and DHCP protocols."
CVE-2019-12513,CVE-2019-12513,"In NETGEAR Nighthawk X10-R900 prior to 1.0.4.24, by sending a DHCP discover request containing a malicious hostname field, an attacker may execute stored XSS attacks against this device. When the malicious DHCP request is received, the device will generate a log entry containing the malicious hostname. This log entry may then be viewed at Advanced settings->Administration->Logs to trigger the exploit. Although this value is inserted into a textarea tag, converted to all-caps, and limited in length, attacks are still possible.",netgear,"nighthawk_x10-r9000_firmware, nighthawk_x10-r9000",MEDIUM,CWE-79,DHCP,Related,Logic,"The vulnerability is inherent in the design of the DHCP protocol, leading to potential exploitation through its logic.",,"DNS

The vulnerability described in the CVE is related to the Microsoft Windows Domain Name System (DNS) DNSAPI.dll, which allows for remote code execution due to improper handling of DNS responses. This vulnerability specifically affects Windows operating systems and the DNS protocol.

The other vulnerabilities described in the text are related to various protocols such as DHCP, ICMP, BGP, and HTTP. Therefore, the answer to the question is ""DNS,"" as this is the protocol directly mentioned in the summary."
CVE-2020-5753,CVE-2020-5753,Signal Private Messenger Android v4.59.0 and up and iOS v3.8.1.5 and up allows a remote non-contact to ring a victim's Signal phone and disclose currently used DNS server due to ICE Candidate handling before call is answered or declined.,signal,"signal, private_messenger",MEDIUM,CWE-670,DNS,Related,Logic,"The vulnerability directly affects the core functionality of the DNS protocol, indicating a design flaw in how DNS requests are processed.",,"DNS, DHCP

The vulnerability in the CVE primarily affects the Microsoft Windows Domain Name System (DNS) and Distributed Dynamic Host Configuration Protocol (DHCP) protocols. The vulnerability allows for remote code execution when DNS responses are improperly handled. Additionally, there are other CVEs related to DHCP servers, such as Cisco IOS XR Software and IBM Jazz Foundation, which could result in denial of service or HTTP header injection attacks."
CVE-2015-1349,CVE-2015-1349,"named in ISC BIND 9.7.0 through 9.9.6 before 9.9.6-P2 and 9.10.x before 9.10.1-P2, when DNSSEC validation and the managed-keys feature are enabled, allows remote attackers to cause a denial of service (assertion failure and daemon exit, or daemon crash) by triggering an incorrect trust-anchor management scenario in which no key is ready for use.",isc,bind,MEDIUM,CWE-399,DNS,Related,Logic,"The vulnerability directly affects the core functionality of the DNS protocol, indicating a design flaw in how DNS requests are processed.",,"DNS

Explanation: The vulnerability described in the CVE is related to the Microsoft Windows Domain Name System (DNS) DNSAPI.dll, where remote code execution is possible due to improper handling of DNS responses. The issue specifically affects various versions of Windows operating systems."
CVE-2013-5218,CVE-2013-5218,"Cross-site scripting (XSS) vulnerability on the HOT HOTBOX router with software 2.1.11 allows remote attackers to inject arbitrary web script or HTML via a crafted DHCP Host Name option, which is not properly handled during rendering of the DHCP table in wlanAccess.asp.",hot,"hotbox_router_firmware, hotbox_router",LOW,CWE-79,DHCP,Related,Logic,"The vulnerability is inherent in the design of the DHCP protocol, leading to potential exploitation through its logic.",,"DNS, DHCP

The vulnerability described in the CVE affects the Microsoft Windows Domain Name System (DNS) DNSAPI.dll, which is a DNS vulnerability. Additionally, it mentions vulnerabilities in the DHCP client on D-Link devices, which is a DHCP vulnerability. Hence, the protocols involved in this vulnerability are DNS and DHCP."
CVE-2009-4630,CVE-2009-4630,"Mozilla Necko, as used in Firefox, SeaMonkey, and other applications, performs DNS prefetching of domain names contained in links within local HTML documents, which makes it easier for remote attackers to determine the network location of the application's user by logging DNS requests.  NOTE: the vendor disputes the significance of this issue, stating ""I don't think we necessarily need to worry about that case.""",mozilla,"firefox, thunderbird, seamonkey",MEDIUM,CWE-200,DNS,Related,Logic,"The vulnerability directly affects the core functionality of the DNS protocol, indicating a design flaw in how DNS requests are processed.",,"DNS

The vulnerability described in the CVE is specifically related to the Microsoft Windows DNSAPI.dll, which is a component of the Domain Name System (DNS) protocol. This vulnerability allows for remote code execution due to improper handling of DNS responses.

Therefore, the protocol involved in this CVE is DNS."
CVE-2009-0025,CVE-2009-0025,"BIND 9.6.0, 9.5.1, 9.5.0, 9.4.3, and earlier does not properly check the return value from the OpenSSL DSA_verify function, which allows remote attackers to bypass validation of the certificate chain via a malformed SSL/TLS signature, a similar vulnerability to CVE-2008-5077.",isc,bind,MEDIUM,CWE-287,,Unrelated,Implementation,The vulnerability does not involve DNS or DHCP and stems from an implementation issue.,,"DNS, DHCP

The CVE descriptions mention vulnerabilities related to DNS and DHCP protocols. The vulnerabilities include remote code execution, denial of service, cache poisoning, and other attacks that exploit weaknesses in the DNS and DHCP implementation in various systems and devices. Therefore, the vulnerable protocols are DNS and DHCP."
CVE-2021-31702,CVE-2021-31702,"Frontier ichris through 5.18 mishandles making a DNS request for the hostname in the HTTP Host header, as demonstrated by submitting 127.0.0.1 multiple times for DoS.",frontiersoftware,ichris,HIGH,NVD-CWE-noinfo,DNS,Related,Logic,"The vulnerability directly affects the core functionality of the DNS protocol, indicating a design flaw in how DNS requests are processed.",,"DNS

The vulnerability described in the CVE involves the Microsoft Windows Domain Name System (DNS) DNSAPI.dll, and how it fails to properly handle DNS responses, leading to a remote code execution vulnerability. This vulnerability specifically affects the DNS protocol."
CVE-2002-0840,CVE-2002-0840,"Cross-site scripting (XSS) vulnerability in the default error page of Apache 2.0 before 2.0.43, and 1.3.x up to 1.3.26, when UseCanonicalName is ""Off"" and support for wildcard DNS is present, allows remote attackers to execute script as other web page visitors via the Host: header, a different vulnerability than CAN-2002-1157.","oracle, apache","http_server, database_server, oracle8i, application_server, oracle9i",MEDIUM,NVD-CWE-Other,DNS,Related,Logic,"The vulnerability directly affects the core functionality of the DNS protocol, indicating a design flaw in how DNS requests are processed.",,DNS
CVE-2006-2372,CVE-2006-2372,"Buffer overflow in the DHCP Client service for Microsoft Windows 2000 SP4, Windows XP SP1 and SP2, and Server 2003 up to SP1 allows remote attackers to execute arbitrary code via a crafted DHCP response.",microsoft,dhcp_client_service,HIGH,CWE-119,DHCP,Related,Implementation,"The vulnerability is due to a buffer overflow in the implementation of the DHCP Client service, which allows remote attackers to execute arbitrary code via a crafted DHCP response.",,DNS
CVE-2007-4390,CVE-2007-4390,"The Command Line Interface (CLI), aka Adonis Administration Console, on the BlueCat Networks Adonis DNS/DHCP appliance 5.0.2.8 allows local admin users to gain root privileges on the underlying operating system via shell metacharacters in a command.",bluecat_networks,adonis,HIGH,CWE-264,DNS,Related,Implementation,"The vulnerability is due to a buffer overflow in the DHCP Client service for Microsoft Windows, allowing remote attackers to execute arbitrary code via a crafted DHCP response. This indicates an implementation flaw.",,"DNS, DHCP

Explanation: The first two CVE descriptions specifically mention vulnerabilities in the Microsoft Windows Domain Name System (DNS) and DHCP protocols respectively. These vulnerabilities could lead to remote code execution and denial of service attacks."
CVE-2020-10772,CVE-2020-10772,"An incomplete fix for CVE-2020-12662 was shipped for Unbound in Red Hat Enterprise Linux 7, as part of erratum RHSA-2020:2414. Vulnerable versions of Unbound could still amplify an incoming query into a large number of queries directed to a target, even with a lower amplification ratio compared to versions of Unbound that shipped before the mentioned erratum. This issue is about the incomplete fix for CVE-2020-12662, and it does not affect upstream versions of Unbound.","nlnetlabs, redhat","enterprise_linux, unbound",HIGH,CWE-400,,Unrelated,Implementation,The vulnerability does not involve DNS or DHCP and stems from an implementation issue.,,"DNS

This vulnerability describes a remote code execution vulnerability in the Microsoft Windows Domain Name System (DNS) DNSAPI.dll on various Windows operating systems. The vulnerability occurs due to improper handling of DNS responses, allowing remote attackers to execute arbitrary code.

None

Although some of the other vulnerabilities mentioned involve DHCP, the description does not specifically cite any of the other protocols listed. Therefore, the correct answer would be 'none' in this case."
CVE-2020-15136,CVE-2020-15136,"In ectd before versions 3.4.10 and 3.3.23, gateway TLS authentication is only applied to endpoints detected in DNS SRV records. When starting a gateway, TLS authentication will only be attempted on endpoints identified in DNS SRV records for a given domain, which occurs in the discoverEndpoints function. No authentication is performed against endpoints provided in the --endpoints flag. This has been fixed in versions 3.4.10 and 3.3.23 with improved documentation and deprecation of the functionality.","fedoraproject, redhat","etcd, fedora",MEDIUM,CWE-306,DNS,Related,Logic,"The vulnerability directly affects the core functionality of the DNS protocol, indicating a design flaw in how DNS requests are processed.",,"DNS, DHCP
Explanation: The CVE descriptions include vulnerabilities related to the DNS (Domain Name System) and DHCP (Dynamic Host Configuration Protocol) protocols. The vulnerabilities described involve issues such as remote code execution, denial of service, cache poisoning, and amplification attacks within these protocols."
CVE-2016-2774,CVE-2016-2774,"ISC DHCP 4.1.x before 4.1-ESV-R13 and 4.2.x and 4.3.x before 4.3.4 does not restrict the number of concurrent TCP sessions, which allows remote attackers to cause a denial of service (INSIST assertion failure or request-processing outage) by establishing many sessions.","canonical, isc, debian","ubuntu_linux, debian_linux, dhcp",MEDIUM,CWE-20,DHCP,Related,Logic,"The vulnerability is inherent in the design of the DHCP protocol, leading to potential exploitation through its logic.",,DHCP
CVE-2019-25037,CVE-2019-25037,"** DISPUTED ** Unbound before 1.9.5 allows an assertion failure and denial of service in dname_pkt_copy via an invalid packet. NOTE: The vendor disputes that this is a vulnerability. Although the code may be vulnerable, a running Unbound installation cannot be remotely or locally exploited.","nlnetlabs, debian","debian_linux, unbound",HIGH,CWE-617,,Unrelated,Implementation,The vulnerability does not involve DNS or DHCP and stems from an implementation issue.,,DNS
